Subject,Start Date,Start Time,End Date,End Time,All Day Event,Description,Location,Private
"DIY GoPro Mounts",4/25/2015,9:00,4/25/2015,9:50,FALSE,"Ever wonder how they get all the cool shots with the GoPro? Ever wonder how they got the camera to stay like that? Learn how you can make your own action cam mounts to help you get that million dollar shot!  Speakers include:Kevin McLeod, Alex Drummer - Track: DIY  - Duration: 50 minutes - Audio/video needs: none ","Hamlin",PUBLIC
"DIY GoPro Mounts",4/25/2015,9:00,4/25/2015,9:50,FALSE,"Ever wonder how they get all the cool shots with the GoPro? Ever wonder how they got the camera to stay like that? Learn how you can make your own action cam mounts to help you get that million dollar shot!  Speakers include:Kevin McLeod, Alex Drummer - Track: DIY  - Duration: 50 minutes - Audio/video needs: none ","Hamlin",PUBLIC
"DIY GoPro Mounts",4/25/2015,9:00,4/25/2015,9:50,FALSE,"Ever wonder how they get all the cool shots with the GoPro? Ever wonder how they got the camera to stay like that? Learn how you can make your own action cam mounts to help you get that million dollar shot!  Speakers include:Kevin McLeod, Alex Drummer - Track: DIY  - Duration: 50 minutes - Audio/video needs: none ","Hamlin",PUBLIC
"DIY GoPro Mounts",4/25/2015,9:00,4/25/2015,9:50,FALSE,"Ever wonder how they get all the cool shots with the GoPro? Ever wonder how they got the camera to stay like that? Learn how you can make your own action cam mounts to help you get that million dollar shot!  Speakers include:Kevin McLeod, Alex Drummer - Track: DIY  - Duration: 50 minutes - Audio/video needs: none ","Hamlin",PUBLIC
"Costume Contest",4/25/2015,22:00,4/25/2015,22:50,FALSE,"This year we are making the costume contest a little more informal. This means no Muster, Paperwork, or Registration. You simply show up at the Geek Prom at the right time (9:45!) and say you want to enter. From there it is in the hands of our MC and N.U.E.T.! Come down for some fun and awesome costumes, and maybe enter for a chance to win some cool prizes. Best of Show will receive a free badge to Penguicon 2016!  Speakers include:Alex Drummer, Justin Coluzzi, Kevin McLeod, Albert Manero, Ruth Suehle, Alex Page - Track: Penguicon Events  - Duration: 50 minutes - Audio/video needs: Microphone, Sound System ","Charlevoix A",PUBLIC
"Costume Contest",4/25/2015,22:00,4/25/2015,22:50,FALSE,"This year we are making the costume contest a little more informal. This means no Muster, Paperwork, or Registration. You simply show up at the Geek Prom at the right time (9:45!) and say you want to enter. From there it is in the hands of our MC and N.U.E.T.! Come down for some fun and awesome costumes, and maybe enter for a chance to win some cool prizes. Best of Show will receive a free badge to Penguicon 2016!  Speakers include:Alex Drummer, Justin Coluzzi, Kevin McLeod, Albert Manero, Ruth Suehle, Alex Page - Track: Penguicon Events  - Duration: 50 minutes - Audio/video needs: Microphone, Sound System ","Charlevoix A",PUBLIC
"Costume Contest",4/25/2015,22:00,4/25/2015,22:50,FALSE,"This year we are making the costume contest a little more informal. This means no Muster, Paperwork, or Registration. You simply show up at the Geek Prom at the right time (9:45!) and say you want to enter. From there it is in the hands of our MC and N.U.E.T.! Come down for some fun and awesome costumes, and maybe enter for a chance to win some cool prizes. Best of Show will receive a free badge to Penguicon 2016!  Speakers include:Alex Drummer, Justin Coluzzi, Kevin McLeod, Albert Manero, Ruth Suehle, Alex Page - Track: Penguicon Events  - Duration: 50 minutes - Audio/video needs: Microphone, Sound System ","Charlevoix A",PUBLIC
"Costume Contest",4/25/2015,22:00,4/25/2015,22:50,FALSE,"This year we are making the costume contest a little more informal. This means no Muster, Paperwork, or Registration. You simply show up at the Geek Prom at the right time (9:45!) and say you want to enter. From there it is in the hands of our MC and N.U.E.T.! Come down for some fun and awesome costumes, and maybe enter for a chance to win some cool prizes. Best of Show will receive a free badge to Penguicon 2016!  Speakers include:Alex Drummer, Justin Coluzzi, Kevin McLeod, Albert Manero, Ruth Suehle, Alex Page - Track: Penguicon Events  - Duration: 50 minutes - Audio/video needs: Microphone, Sound System ","Charlevoix A",PUBLIC
"Costume Contest",4/25/2015,22:00,4/25/2015,22:50,FALSE,"This year we are making the costume contest a little more informal. This means no Muster, Paperwork, or Registration. You simply show up at the Geek Prom at the right time (9:45!) and say you want to enter. From there it is in the hands of our MC and N.U.E.T.! Come down for some fun and awesome costumes, and maybe enter for a chance to win some cool prizes. Best of Show will receive a free badge to Penguicon 2016!  Speakers include:Alex Drummer, Justin Coluzzi, Kevin McLeod, Albert Manero, Ruth Suehle, Alex Page - Track: Penguicon Events  - Duration: 50 minutes - Audio/video needs: Microphone, Sound System ","Charlevoix A",PUBLIC
"DIY GoPro Mounts",4/25/2015,9:00,4/25/2015,9:50,FALSE,"Ever wonder how they get all the cool shots with the GoPro? Ever wonder how they got the camera to stay like that? Learn how you can make your own action cam mounts to help you get that million dollar shot!  Speakers include:Kevin McLeod, Alex Drummer - Track: DIY  - Duration: 50 minutes - Audio/video needs: none ","Hamlin",PUBLIC
"Costume Contest",4/25/2015,22:00,4/25/2015,22:50,FALSE,"This year we are making the costume contest a little more informal. This means no Muster, Paperwork, or Registration. You simply show up at the Geek Prom at the right time (9:45!) and say you want to enter. From there it is in the hands of our MC and N.U.E.T.! Come down for some fun and awesome costumes, and maybe enter for a chance to win some cool prizes. Best of Show will receive a free badge to Penguicon 2016!  Speakers include:Alex Drummer, Justin Coluzzi, Kevin McLeod, Albert Manero, Ruth Suehle, Alex Page - Track: Penguicon Events  - Duration: 50 minutes - Audio/video needs: Microphone, Sound System ","Charlevoix A",PUBLIC
