Subject,Start Date,Start Time,End Date,End Time,All Day Event,Description,Location,Private
"Opening Ceremonies",5/2/2014,18:00,5/2/2014,18:50,FALSE,"Join our con chair, Nuri Gocay, the Con Committee, and our Guests of Honor as we open this bad boy up for the weekend.  You never know what surprises might be in store!  Speakers include:Janet Gocay, Scott Kennedy, Lucy Kennedy, Nuri Gocay, Cylithria Dubois, Amanda Long-Adams, Amanda Robinson, Christine Bender, Ed Mason, Vinny Rawlley, Erika Carlson, Eva Galperin, Ernie Cline, YTCracker - Track: Penguicon Events  - Duration: 50 minutes - Audio/video needs: Microphone, Sound System ","Algonquin B/C",PUBLIC
"Penguicon Board Meeting",5/3/2014,14:00,5/3/2014,14:50,FALSE,"You’ve done the convention, you’ve met the staff, and you’ve even socialized with the ConCom. But what about those *other* Penguicon people? Those shadowy figures that create the multi-year rules, have their fingers on the money, and cause a ConChair to mysteriously appear every year in a puff of penguin-scented smoke? Ever wonder what the Penguicon Board of Directors does in their secret sanctum, and where they are taking Penguicon? Come to the Board of Directors meeting and see!  Speakers include:Steve Gutterman, Randy Bradakis, Matt Arnold, Amanda Long-Adams, Jer Lance, Gini Judd, James Hice - Track: Penguicon Events  - Duration: 50 minutes - Audio/video needs: none ","Board of Regents",PUBLIC
"Penguicon 2015 Planning Meeting",5/4/2014,13:00,5/4/2014,13:50,FALSE,"Planning meeting with the 2015 ConChair. If you're interested in helping to organize next year's convention, come offer your soul, your firstborn child... or just your help.   Speakers include:Janet Gocay, Scott Kennedy, Lucy Kennedy, Nuri Gocay, Cylithria Dubois, Amanda Long-Adams, Amanda Robinson, Christine Bender - Track: Penguicon Events  - Duration: 50 minutes - Audio/video needs: none ","Board of Regents",PUBLIC
"Closing Ceremonies",5/4/2014,16:00,5/4/2014,16:50,FALSE,"As we officially shut down another amazing, exciting year for Penguicon, come hear about how it went, and what we've got our eye on for next year.  Speakers include:Janet Gocay, Scott Kennedy, Lucy Kennedy, Nuri Gocay, Cylithria Dubois, Amanda Long-Adams, Amanda Robinson, Christine Bender, Ed Mason, Vinny Rawlley, Erika Carlson, Eva Galperin, Ernie Cline, YTCracker - Track: Penguicon Events  - Duration: 50 minutes - Audio/video needs: Microphone, Sound System ","Algonquin B/C",PUBLIC
