Subject,Start Date,Start Time,End Date,End Time,All Day Event,Description,Location,Private
"PenguiPasta With Some Sauce Bosses",4/25/2015,11:00,4/25/2015,12:50,FALSE,"Fresh pasta, tomato and alfredo sauce, all made from scratch. Simple ingredients, easy to do, etc etc etc.  Speakers include:Andy Amsdill, Kattni Rembor - Track: Food  - Duration: 1 hour and 50 minutes - Audio/video needs: none ","Food [Room 1017]",PUBLIC
"PenguiPasta With Some Sauce Bosses",4/25/2015,11:00,4/25/2015,12:50,FALSE,"Fresh pasta, tomato and alfredo sauce, all made from scratch. Simple ingredients, easy to do, etc etc etc.  Speakers include:Andy Amsdill, Kattni Rembor - Track: Food  - Duration: 1 hour and 50 minutes - Audio/video needs: none ","Food [Room 1017]",PUBLIC
"PenguiPasta With Some Sauce Bosses",4/25/2015,11:00,4/25/2015,12:50,FALSE,"Fresh pasta, tomato and alfredo sauce, all made from scratch. Simple ingredients, easy to do, etc etc etc.  Speakers include:Andy Amsdill, Kattni Rembor - Track: Food  - Duration: 1 hour and 50 minutes - Audio/video needs: none ","Food [Room 1017]",PUBLIC
"PenguiPasta With Some Sauce Bosses",4/25/2015,11:00,4/25/2015,12:50,FALSE,"Fresh pasta, tomato and alfredo sauce, all made from scratch. Simple ingredients, easy to do, etc etc etc.  Speakers include:Andy Amsdill, Kattni Rembor - Track: Food  - Duration: 1 hour and 50 minutes - Audio/video needs: none ","Food [Room 1017]",PUBLIC
"PenguiPasta With Some Sauce Bosses",4/25/2015,11:00,4/25/2015,12:50,FALSE,"Fresh pasta, tomato and alfredo sauce, all made from scratch. Simple ingredients, easy to do, etc etc etc.  Speakers include:Andy Amsdill, Kattni Rembor - Track: Food  - Duration: 1 hour and 50 minutes - Audio/video needs: none ","Food [Room 1017]",PUBLIC
"PenguiPasta With Some Sauce Bosses",4/25/2015,11:00,4/25/2015,12:50,FALSE,"Fresh pasta, tomato and alfredo sauce, all made from scratch. Simple ingredients, easy to do, etc etc etc.  Speakers include:Andy Amsdill, Kattni Rembor - Track: Food  - Duration: 1 hour and 50 minutes - Audio/video needs: none ","Food [Room 1017]",PUBLIC
