Subject,Start Date,Start Time,End Date,End Time,All Day Event,Description,Location,Private
"Biohacking: Upgrading the Human Body",4/25/2015,18:00,4/25/2015,19:50,FALSE,"A mix of technology, DIY, and mayhem - biohacking is a particularly interesting offshoot of the maker renaissance. We will be discussing the physical and psychological process of upgrading the human body, the potential for humanity, the impact of h+ on society, and more! Please join us for a panel discussion, and maybe volunteer to get yourself upgraded live on stage with an xNT NFC implant from Dangerous Things!  Speakers include:Amal Graafstra, Drew Buglione, Anita Fowler, Tim Cannon, Cynthia Chestek - Track: Tech, Science  - Duration: 1 hour and 50 minutes - Audio/video needs: Microphone, Sound System ","Windover",PUBLIC
"Biohacking: Upgrading the Human Body",4/25/2015,18:00,4/25/2015,19:50,FALSE,"A mix of technology, DIY, and mayhem - biohacking is a particularly interesting offshoot of the maker renaissance. We will be discussing the physical and psychological process of upgrading the human body, the potential for humanity, the impact of h+ on society, and more! Please join us for a panel discussion, and maybe volunteer to get yourself upgraded live on stage with an xNT NFC implant from Dangerous Things!  Speakers include:Amal Graafstra, Drew Buglione, Anita Fowler, Tim Cannon, Cynthia Chestek - Track: Tech, Science  - Duration: 1 hour and 50 minutes - Audio/video needs: Microphone, Sound System ","Windover",PUBLIC
"Biohacking: Upgrading the Human Body",4/25/2015,18:00,4/25/2015,19:50,FALSE,"A mix of technology, DIY, and mayhem - biohacking is a particularly interesting offshoot of the maker renaissance. We will be discussing the physical and psychological process of upgrading the human body, the potential for humanity, the impact of h+ on society, and more! Please join us for a panel discussion, and maybe volunteer to get yourself upgraded live on stage with an xNT NFC implant from Dangerous Things!  Speakers include:Amal Graafstra, Drew Buglione, Anita Fowler, Tim Cannon, Cynthia Chestek - Track: Tech, Science  - Duration: 1 hour and 50 minutes - Audio/video needs: Microphone, Sound System ","Windover",PUBLIC
"Biohacking: Upgrading the Human Body",4/25/2015,18:00,4/25/2015,19:50,FALSE,"A mix of technology, DIY, and mayhem - biohacking is a particularly interesting offshoot of the maker renaissance. We will be discussing the physical and psychological process of upgrading the human body, the potential for humanity, the impact of h+ on society, and more! Please join us for a panel discussion, and maybe volunteer to get yourself upgraded live on stage with an xNT NFC implant from Dangerous Things!  Speakers include:Amal Graafstra, Drew Buglione, Anita Fowler, Tim Cannon, Cynthia Chestek - Track: Tech, Science  - Duration: 1 hour and 50 minutes - Audio/video needs: Microphone, Sound System ","Windover",PUBLIC
"Biohacking: Upgrading the Human Body",4/25/2015,18:00,4/25/2015,19:50,FALSE,"A mix of technology, DIY, and mayhem - biohacking is a particularly interesting offshoot of the maker renaissance. We will be discussing the physical and psychological process of upgrading the human body, the potential for humanity, the impact of h+ on society, and more! Please join us for a panel discussion, and maybe volunteer to get yourself upgraded live on stage with an xNT NFC implant from Dangerous Things!  Speakers include:Amal Graafstra, Drew Buglione, Anita Fowler, Tim Cannon, Cynthia Chestek - Track: Tech, Science  - Duration: 1 hour and 50 minutes - Audio/video needs: Microphone, Sound System ","Windover",PUBLIC
"Biohacking: Upgrading the Human Body",4/25/2015,18:00,4/25/2015,19:50,FALSE,"A mix of technology, DIY, and mayhem - biohacking is a particularly interesting offshoot of the maker renaissance. We will be discussing the physical and psychological process of upgrading the human body, the potential for humanity, the impact of h+ on society, and more! Please join us for a panel discussion, and maybe volunteer to get yourself upgraded live on stage with an xNT NFC implant from Dangerous Things!  Speakers include:Amal Graafstra, Drew Buglione, Anita Fowler, Tim Cannon, Cynthia Chestek - Track: Tech, Science  - Duration: 1 hour and 50 minutes - Audio/video needs: Microphone, Sound System ","Windover",PUBLIC
