Subject,Start Date,Start Time,End Date,End Time,All Day Event,Description,Location,Private
"Opening Ceremonies",4/24/2015,18:00,4/24/2015,18:50,FALSE,"Join our con chair, Nuri Gocay, the Con Committee, and our Guests of Honor as we open this bad boy up for the weekend.  You never know what surprises might be in store!  Speakers include:Janet Gocay, Scott Kennedy, Lucy Kennedy, Nuri Gocay, Cylithria Dubois, Amanda Long-Adams, Amanda Robinson, Christine Bender, Aral Balkan, Annalee Newitz, Albert Manero, ,Charlie Jane Anders, Ivan Owen, Jen Owen - Track: Penguicon Events  - Duration: 50 minutes - Audio/video needs: Microphone, Sound System ","Algonquin B/C",PUBLIC
"KEYNOTE: The Camera Panopticon",4/24/2015,19:00,4/24/2015,19:50,FALSE,"The Matrix got it backwards: we don’t live in a simulation controlled from a tangible world, we live in a tangible world that is increasingly being controlled by simulations. But what does this mean for our future? How does technology affect human rights and democracy, and vice-versa? Aral embarks on a journey through algorithms and surveillance to reveal how the friendly façade of ‘free’ service providers like Google and Facebook belie a darker underbelly.  Speakers include:Aral Balkan - Track: Tech  - Duration: 50 minutes - Audio/video needs: none ","Algonquin B/C",PUBLIC
"Guest of Honor Social Hour",4/24/2015,21:00,4/24/2015,21:50,FALSE,"Get to know our Guests of Honor as we all get together for some cocktails. Meet us in the bar!  Speakers include:Aral Balkan, Annalee Newitz, Albert Manero, ,Charlie Jane Anders, Ivan Owen, Jen Owen - Track: Penguicon Events  - Duration: 50 minutes - Audio/video needs: none ","Restaurant",PUBLIC
"What Do Your Users Really Think?",4/25/2015,14:00,4/25/2015,14:50,FALSE,"User testing is becoming easier and easier to do for prototypes, ideas, software and websites, and can help you make a better product. Learn about some of the easy ways to get real user opinions to help make your designs more usable and useful. We will explore both free and pay sites, as well as offline techniques.  Speakers include:Lana Krolikowski, Aral Balkan, Dawn Kuczwara - Track: Tech  - Duration: 50 minutes - Audio/video needs: Projector ","Algonquin D",PUBLIC
"Independent SW/HW: Bucking Big Industry for Fun and Profit",4/25/2015,21:00,4/25/2015,21:50,FALSE,"Sure, there are juggernauts in software and hardware industry, but if you want to do it yourself, what kinds of challenges are you going to run into?  Come listen to our panelists talk about their experiences with going against the grain as independent software and hardware producers.    Speakers include:Aral Balkan, Ed Mason, Jason Kridner - Track: Tech  - Duration: 50 minutes - Audio/video needs: none ","Algonquin D",PUBLIC
"Closing Ceremonies",4/26/2015,16:00,4/26/2015,16:50,FALSE,"As we officially shut down another amazing, exciting year for Penguicon, come hear about how it went, and what we've got our eye on for next year.  Speakers include:Janet Gocay, Scott Kennedy, Lucy Kennedy, Nuri Gocay, Cylithria Dubois, Amanda Long-Adams, Amanda Robinson, Christine Bender, Aral Balkan, Annalee Newitz, Albert Manero, Charlie Jane Anders, Ivan Owen, Jen Owen - Track: Penguicon Events  - Duration: 50 minutes - Audio/video needs: Microphone, Sound System ","Algonquin B/C",PUBLIC
