Subject,Start Date,Start Time,End Date,End Time,All Day Event,Description,Location,Private
"So You Want to Yell at the Internet... Do it Through a Podcast!",4/25/2015,14:00,4/25/2015,15:50,FALSE,"Think you're hilarious? Have opinions that the world HAS to hear? Have a hobby that you would like to share with others through internet audio? Then it's time to podcast! Learn how to yell at the internet with the cast of Demon Lobster and Drunk S&M! Mature language warning!  Speakers include:Shannon Marshall, Maggie Maiville, Jon Hickey, Scott Markwart, Steve Licavoli, Karen Quinn, Badger - Track: Tech  - Duration: 1 hour and 50 minutes - Audio/video needs: none ","Windover",PUBLIC
"So You Want to Yell at the Internet... Do it Through a Podcast!",4/25/2015,14:00,4/25/2015,15:50,FALSE,"Think you're hilarious? Have opinions that the world HAS to hear? Have a hobby that you would like to share with others through internet audio? Then it's time to podcast! Learn how to yell at the internet with the cast of Demon Lobster and Drunk S&M! Mature language warning!  Speakers include:Shannon Marshall, Maggie Maiville, Jon Hickey, Scott Markwart, Steve Licavoli, Karen Quinn, Badger - Track: Tech  - Duration: 1 hour and 50 minutes - Audio/video needs: none ","Windover",PUBLIC
"So You Want to Yell at the Internet... Do it Through a Podcast!",4/25/2015,14:00,4/25/2015,15:50,FALSE,"Think you're hilarious? Have opinions that the world HAS to hear? Have a hobby that you would like to share with others through internet audio? Then it's time to podcast! Learn how to yell at the internet with the cast of Demon Lobster and Drunk S&M! Mature language warning!  Speakers include:Shannon Marshall, Maggie Maiville, Jon Hickey, Scott Markwart, Steve Licavoli, Karen Quinn, Badger - Track: Tech  - Duration: 1 hour and 50 minutes - Audio/video needs: none ","Windover",PUBLIC
"So You Want to Yell at the Internet... Do it Through a Podcast!",4/25/2015,14:00,4/25/2015,15:50,FALSE,"Think you're hilarious? Have opinions that the world HAS to hear? Have a hobby that you would like to share with others through internet audio? Then it's time to podcast! Learn how to yell at the internet with the cast of Demon Lobster and Drunk S&M! Mature language warning!  Speakers include:Shannon Marshall, Maggie Maiville, Jon Hickey, Scott Markwart, Steve Licavoli, Karen Quinn, Badger - Track: Tech  - Duration: 1 hour and 50 minutes - Audio/video needs: none ","Windover",PUBLIC
"So You Want to Yell at the Internet... Do it Through a Podcast!",4/25/2015,14:00,4/25/2015,15:50,FALSE,"Think you're hilarious? Have opinions that the world HAS to hear? Have a hobby that you would like to share with others through internet audio? Then it's time to podcast! Learn how to yell at the internet with the cast of Demon Lobster and Drunk S&M! Mature language warning!  Speakers include:Shannon Marshall, Maggie Maiville, Jon Hickey, Scott Markwart, Steve Licavoli, Karen Quinn, Badger - Track: Tech  - Duration: 1 hour and 50 minutes - Audio/video needs: none ","Windover",PUBLIC
"So You Want to Yell at the Internet... Do it Through a Podcast!",4/25/2015,14:00,4/25/2015,15:50,FALSE,"Think you're hilarious? Have opinions that the world HAS to hear? Have a hobby that you would like to share with others through internet audio? Then it's time to podcast! Learn how to yell at the internet with the cast of Demon Lobster and Drunk S&M! Mature language warning!  Speakers include:Shannon Marshall, Maggie Maiville, Jon Hickey, Scott Markwart, Steve Licavoli, Karen Quinn, Badger - Track: Tech  - Duration: 1 hour and 50 minutes - Audio/video needs: none ","Windover",PUBLIC
