Subject,Start Date,Start Time,End Date,End Time,All Day Event,Description,Location,Private
"Intro to Finger Knitting",4/25/2015,17:00,4/25/2015,17:50,FALSE,"Do you have at least 2 or maybe even 4 fingers or similar digits? Then all you need is some yarn, and you can knit! You can complete an entire scarf to take home in the course of this session. Bring your own yarn, if you want specific colors, or feel free to use the yarn on hand. The chunkier the yarn, the better. It's a great post-apocalyptic life skill. You'll be the only one not freezing to death when the fuel has run out.  Speakers include:Bagel Garrison - Track: DIY  - Duration: 50 minutes - Audio/video needs: none ","Hamlin",PUBLIC
"Intro to Finger Knitting",4/25/2015,17:00,4/25/2015,17:50,FALSE,"Do you have at least 2 or maybe even 4 fingers or similar digits? Then all you need is some yarn, and you can knit! You can complete an entire scarf to take home in the course of this session. Bring your own yarn, if you want specific colors, or feel free to use the yarn on hand. The chunkier the yarn, the better. It's a great post-apocalyptic life skill. You'll be the only one not freezing to death when the fuel has run out.  Speakers include:Bagel Garrison - Track: DIY  - Duration: 50 minutes - Audio/video needs: none ","Hamlin",PUBLIC
"Intro to Arm Knitting",4/25/2015,21:00,4/25/2015,21:50,FALSE,"Do you have 2 arms or similar appendages? Then all you need is some yarn, and you can knit! You can complete an entire scarf in the course of this session, and be introduced to the basics of knitting with no actual supplies required! Bring your own yarn, if you want specific colors, or feel free to use the yarn on hand. The chunkier the yarn, the better. Once you know the basics, you can make scarves, cowls, blankets, bags, or even a camouflage cover to hide your zombie-proof forest camp.  Speakers include:Bagel Garrison - Track: DIY, Life  - Duration: 50 minutes - Audio/video needs: none ","Hamlin",PUBLIC
"Intro to Finger Knitting",4/25/2015,17:00,4/25/2015,17:50,FALSE,"Do you have at least 2 or maybe even 4 fingers or similar digits? Then all you need is some yarn, and you can knit! You can complete an entire scarf to take home in the course of this session. Bring your own yarn, if you want specific colors, or feel free to use the yarn on hand. The chunkier the yarn, the better. It's a great post-apocalyptic life skill. You'll be the only one not freezing to death when the fuel has run out.  Speakers include:Bagel Garrison - Track: DIY  - Duration: 50 minutes - Audio/video needs: none ","Hamlin",PUBLIC
"Intro to Arm Knitting",4/25/2015,21:00,4/25/2015,21:50,FALSE,"Do you have 2 arms or similar appendages? Then all you need is some yarn, and you can knit! You can complete an entire scarf in the course of this session, and be introduced to the basics of knitting with no actual supplies required! Bring your own yarn, if you want specific colors, or feel free to use the yarn on hand. The chunkier the yarn, the better. Once you know the basics, you can make scarves, cowls, blankets, bags, or even a camouflage cover to hide your zombie-proof forest camp.  Speakers include:Bagel Garrison - Track: DIY, Life  - Duration: 50 minutes - Audio/video needs: none ","Hamlin",PUBLIC
"Intro to Finger Knitting",4/25/2015,17:00,4/25/2015,17:50,FALSE,"Do you have at least 2 or maybe even 4 fingers or similar digits? Then all you need is some yarn, and you can knit! You can complete an entire scarf to take home in the course of this session. Bring your own yarn, if you want specific colors, or feel free to use the yarn on hand. The chunkier the yarn, the better. It's a great post-apocalyptic life skill. You'll be the only one not freezing to death when the fuel has run out.  Speakers include:Bagel Garrison - Track: DIY  - Duration: 50 minutes - Audio/video needs: none ","Hamlin",PUBLIC
"Intro to Finger Knitting",4/25/2015,17:00,4/25/2015,17:50,FALSE,"Do you have at least 2 or maybe even 4 fingers or similar digits? Then all you need is some yarn, and you can knit! You can complete an entire scarf to take home in the course of this session. Bring your own yarn, if you want specific colors, or feel free to use the yarn on hand. The chunkier the yarn, the better. It's a great post-apocalyptic life skill. You'll be the only one not freezing to death when the fuel has run out.  Speakers include:Bagel Garrison - Track: DIY  - Duration: 50 minutes - Audio/video needs: none ","Hamlin",PUBLIC
"Intro to Arm Knitting",4/25/2015,21:00,4/25/2015,21:50,FALSE,"Do you have 2 arms or similar appendages? Then all you need is some yarn, and you can knit! You can complete an entire scarf in the course of this session, and be introduced to the basics of knitting with no actual supplies required! Bring your own yarn, if you want specific colors, or feel free to use the yarn on hand. The chunkier the yarn, the better. Once you know the basics, you can make scarves, cowls, blankets, bags, or even a camouflage cover to hide your zombie-proof forest camp.  Speakers include:Bagel Garrison - Track: DIY, Life  - Duration: 50 minutes - Audio/video needs: none ","Hamlin",PUBLIC
"Intro to Arm Knitting",4/25/2015,21:00,4/25/2015,21:50,FALSE,"Do you have 2 arms or similar appendages? Then all you need is some yarn, and you can knit! You can complete an entire scarf in the course of this session, and be introduced to the basics of knitting with no actual supplies required! Bring your own yarn, if you want specific colors, or feel free to use the yarn on hand. The chunkier the yarn, the better. Once you know the basics, you can make scarves, cowls, blankets, bags, or even a camouflage cover to hide your zombie-proof forest camp.  Speakers include:Bagel Garrison - Track: DIY, Life  - Duration: 50 minutes - Audio/video needs: none ","Hamlin",PUBLIC
"Intro to Arm Knitting",4/25/2015,21:00,4/25/2015,21:50,FALSE,"Do you have 2 arms or similar appendages? Then all you need is some yarn, and you can knit! You can complete an entire scarf in the course of this session, and be introduced to the basics of knitting with no actual supplies required! Bring your own yarn, if you want specific colors, or feel free to use the yarn on hand. The chunkier the yarn, the better. Once you know the basics, you can make scarves, cowls, blankets, bags, or even a camouflage cover to hide your zombie-proof forest camp.  Speakers include:Bagel Garrison - Track: DIY, Life  - Duration: 50 minutes - Audio/video needs: none ","Hamlin",PUBLIC
"Intro to Finger Knitting",4/25/2015,17:00,4/25/2015,17:50,FALSE,"Do you have at least 2 or maybe even 4 fingers or similar digits? Then all you need is some yarn, and you can knit! You can complete an entire scarf to take home in the course of this session. Bring your own yarn, if you want specific colors, or feel free to use the yarn on hand. The chunkier the yarn, the better. It's a great post-apocalyptic life skill. You'll be the only one not freezing to death when the fuel has run out.  Speakers include:Bagel Garrison - Track: DIY  - Duration: 50 minutes - Audio/video needs: none ","Hamlin",PUBLIC
"Intro to Arm Knitting",4/25/2015,21:00,4/25/2015,21:50,FALSE,"Do you have 2 arms or similar appendages? Then all you need is some yarn, and you can knit! You can complete an entire scarf in the course of this session, and be introduced to the basics of knitting with no actual supplies required! Bring your own yarn, if you want specific colors, or feel free to use the yarn on hand. The chunkier the yarn, the better. Once you know the basics, you can make scarves, cowls, blankets, bags, or even a camouflage cover to hide your zombie-proof forest camp.  Speakers include:Bagel Garrison - Track: DIY, Life  - Duration: 50 minutes - Audio/video needs: none ","Hamlin",PUBLIC
