Subject,Start Date,Start Time,End Date,End Time,All Day Event,Description,Location,Private
"SciComm: Communicating Science to the Public",4/25/2015,18:00,4/25/2015,18:50,FALSE,"People are not naturally uninterested in what is happening in science and mathematics. Science Communication does what it can to tell everyone the stories of science in an engaging and interesting way, but it is not an easy task. An approach that works for astronomy could well fail when talking about new mathematics research. This panel will gather together people who communicate science for a discussion about the tools and techniques they use to tell mathematical and scientific stories, and about their successes and their failures.  Speakers include:Samuel Hansen, Constance L. Martin-Trembley, Bob Trembley, Annalee Newitz - Track: Science  - Duration: 50 minutes - Audio/video needs: none ","Algonquin C",PUBLIC
"Asteroids, Near-Earth Objects, and Meteorites",4/25/2015,20:00,4/25/2015,20:50,FALSE,"The discovery rate of asteroids and near-earth object has exploded in the last decade due to advances in imaging technologies. Bob discusses Solar System formation - where asteroids, comets, and meteorites came from, and their history. Also discussed are the Chelyabinsk, Tunguska, and K-T impact events. Bob will bring pieces of his meteorite collection for audience members to see and handle!  Speakers include:Bob Trembley - Track: Science  - Duration: 50 minutes - Audio/video needs: Projector ","Algonquin D",PUBLIC
"Telescope Observing: The Moon (Saturday)",4/25/2015,22:00,4/25/2015,23:50,FALSE,"Join us outside to observe the moon at first quarter. Observe via telescopes and other instruments made available to view the moon and Jupiter.  Speakers include:Bob Trembley - Track: Science  - Duration: 1 hour and 50 minutes - Audio/video needs: none ","Outside",PUBLIC
"Telescope Observing: The Sun (Sunday)",4/26/2015,12:00,4/26/2015,13:50,FALSE,"Join us outside to check out the sun in all its glory! Observe via telescopes and other instruments made available to view the sun.  Speakers include:Bob Trembley - Track: Science  - Duration: 1 hour and 50 minutes - Audio/video needs: none ","Outside",PUBLIC
