Subject,Start Date,Start Time,End Date,End Time,All Day Event,Description,Location,Private
"KEYNOTE: Data and Goliath",4/24/2015,20:00,4/24/2015,20:50,FALSE,"If you're even remotely concerned about internet security and privacy, you cannot miss this panel. If you're even slightly knowledgeable about either of these topics, you've most likely heard of Bruce Schneier. Rumors are he PGP signs his grocery lists so that he can detect if someone has tampered with his milk. He has testified before Congress, is a frequent guest on television and radio, has served on several government committees, and is regularly quoted in the press. In his spare time, he's also the Chief Technology Officer of Resilient Systems, a fellow at Harvard's Berkman Center, and a board member of EFF. He also has written 12 books, and has 250k readers of his blog, Schneier on Security. He'll be speaking about his new book 'Data and Goliath: The Hidden Battles to Collect Your Data and Control Your World.'  Speakers include:Bruce Schneier - Track: Tech  - Duration: 50 minutes - Audio/video needs: none ","Algonquin B/C",PUBLIC
"KEYNOTE: Data and Goliath",4/24/2015,20:00,4/24/2015,20:50,FALSE,"If you're even remotely concerned about internet security and privacy, you cannot miss this panel. If you're even slightly knowledgeable about either of these topics, you've most likely heard of Bruce Schneier. Rumors are he PGP signs his grocery lists so that he can detect if someone has tampered with his milk. He has testified before Congress, is a frequent guest on television and radio, has served on several government committees, and is regularly quoted in the press. In his spare time, he's also the Chief Technology Officer of Resilient Systems, a fellow at Harvard's Berkman Center, and a board member of EFF. He also has written 12 books, and has 250k readers of his blog, Schneier on Security. He'll be speaking about his new book 'Data and Goliath: The Hidden Battles to Collect Your Data and Control Your World.'  Speakers include:Bruce Schneier - Track: Tech  - Duration: 50 minutes - Audio/video needs: none ","Algonquin B/C",PUBLIC
"KEYNOTE: Data and Goliath",4/24/2015,20:00,4/24/2015,20:50,FALSE,"If you're even remotely concerned about internet security and privacy, you cannot miss this panel. If you're even slightly knowledgeable about either of these topics, you've most likely heard of Bruce Schneier. Rumors are he PGP signs his grocery lists so that he can detect if someone has tampered with his milk. He has testified before Congress, is a frequent guest on television and radio, has served on several government committees, and is regularly quoted in the press. In his spare time, he's also the Chief Technology Officer of Resilient Systems, a fellow at Harvard's Berkman Center, and a board member of EFF. He also has written 12 books, and has 250k readers of his blog, Schneier on Security. He'll be speaking about his new book 'Data and Goliath: The Hidden Battles to Collect Your Data and Control Your World.'  Speakers include:Bruce Schneier - Track: Tech  - Duration: 50 minutes - Audio/video needs: none ","Algonquin B/C",PUBLIC
"KEYNOTE: Data and Goliath",4/24/2015,20:00,4/24/2015,20:50,FALSE,"If you're even remotely concerned about internet security and privacy, you cannot miss this panel. If you're even slightly knowledgeable about either of these topics, you've most likely heard of Bruce Schneier. Rumors are he PGP signs his grocery lists so that he can detect if someone has tampered with his milk. He has testified before Congress, is a frequent guest on television and radio, has served on several government committees, and is regularly quoted in the press. In his spare time, he's also the Chief Technology Officer of Resilient Systems, a fellow at Harvard's Berkman Center, and a board member of EFF. He also has written 12 books, and has 250k readers of his blog, Schneier on Security. He'll be speaking about his new book 'Data and Goliath: The Hidden Battles to Collect Your Data and Control Your World.'  Speakers include:Bruce Schneier - Track: Tech  - Duration: 50 minutes - Audio/video needs: none ","Algonquin B/C",PUBLIC
"KEYNOTE: Data and Goliath",4/24/2015,20:00,4/24/2015,20:50,FALSE,"If you're even remotely concerned about internet security and privacy, you cannot miss this panel. If you're even slightly knowledgeable about either of these topics, you've most likely heard of Bruce Schneier. Rumors are he PGP signs his grocery lists so that he can detect if someone has tampered with his milk. He has testified before Congress, is a frequent guest on television and radio, has served on several government committees, and is regularly quoted in the press. In his spare time, he's also the Chief Technology Officer of Resilient Systems, a fellow at Harvard's Berkman Center, and a board member of EFF. He also has written 12 books, and has 250k readers of his blog, Schneier on Security. He'll be speaking about his new book 'Data and Goliath: The Hidden Battles to Collect Your Data and Control Your World.'  Speakers include:Bruce Schneier - Track: Tech  - Duration: 50 minutes - Audio/video needs: none ","Algonquin B/C",PUBLIC
"KEYNOTE: Data and Goliath",4/24/2015,20:00,4/24/2015,20:50,FALSE,"If you're even remotely concerned about internet security and privacy, you cannot miss this panel. If you're even slightly knowledgeable about either of these topics, you've most likely heard of Bruce Schneier. Rumors are he PGP signs his grocery lists so that he can detect if someone has tampered with his milk. He has testified before Congress, is a frequent guest on television and radio, has served on several government committees, and is regularly quoted in the press. In his spare time, he's also the Chief Technology Officer of Resilient Systems, a fellow at Harvard's Berkman Center, and a board member of EFF. He also has written 12 books, and has 250k readers of his blog, Schneier on Security. He'll be speaking about his new book 'Data and Goliath: The Hidden Battles to Collect Your Data and Control Your World.'  Speakers include:Bruce Schneier - Track: Tech  - Duration: 50 minutes - Audio/video needs: none ","Algonquin B/C",PUBLIC
