Subject,Start Date,Start Time,End Date,End Time,All Day Event,Description,Location,Private
"Making the Fantastic Believable",4/25/2015,13:00,4/25/2015,13:50,FALSE,"Ghosts, lycanthropes, robots, elves, even vampires that sparkle in the sunlight, what does it take to make the utterly fantastic believable to your readers? The panel will discuss the research and decision process which goes into making good (or in some cases ridiculous) characters.  Speakers include:Michael Cieslak, Sarah Hans, Steven Saus, Skeeter Enright, Christian Klaver, Karl Schroeder - Track: Literature  - Duration: 50 minutes - Audio/video needs: none ","Hamlin",PUBLIC
"Traditional Publishing vs. Self-Publishing",4/25/2015,16:00,4/25/2015,16:50,FALSE,"What are the pros and cons of each? We all know the success stories of the rare few, but what about the heartaches? Is the goal still to just get noticed by a traditional publisher or has self-publishing gained legitimacy? The panelists will also discuss small/specialty presses.  Speakers include:Patty Templeton, Mary Lynne Gibbs, Christian Klaver - Track: Literature  - Duration: 50 minutes - Audio/video needs: none ","Hamlin",PUBLIC
"Making the Fantastic Believable",4/25/2015,13:00,4/25/2015,13:50,FALSE,"Ghosts, lycanthropes, robots, elves, even vampires that sparkle in the sunlight, what does it take to make the utterly fantastic believable to your readers? The panel will discuss the research and decision process which goes into making good (or in some cases ridiculous) characters.  Speakers include:Michael Cieslak, Sarah Hans, Steven Saus, Skeeter Enright, Christian Klaver, Karl Schroeder - Track: Literature  - Duration: 50 minutes - Audio/video needs: none ","Hamlin",PUBLIC
"Traditional Publishing vs. Self-Publishing",4/25/2015,16:00,4/25/2015,16:50,FALSE,"What are the pros and cons of each? We all know the success stories of the rare few, but what about the heartaches? Is the goal still to just get noticed by a traditional publisher or has self-publishing gained legitimacy? The panelists will also discuss small/specialty presses.  Speakers include:Patty Templeton, Mary Lynne Gibbs, Christian Klaver - Track: Literature  - Duration: 50 minutes - Audio/video needs: none ","Hamlin",PUBLIC
"Making the Fantastic Believable",4/25/2015,13:00,4/25/2015,13:50,FALSE,"Ghosts, lycanthropes, robots, elves, even vampires that sparkle in the sunlight, what does it take to make the utterly fantastic believable to your readers? The panel will discuss the research and decision process which goes into making good (or in some cases ridiculous) characters.  Speakers include:Michael Cieslak, Sarah Hans, Steven Saus, Skeeter Enright, Christian Klaver, Karl Schroeder - Track: Literature  - Duration: 50 minutes - Audio/video needs: none ","Hamlin",PUBLIC
"Making the Fantastic Believable",4/25/2015,13:00,4/25/2015,13:50,FALSE,"Ghosts, lycanthropes, robots, elves, even vampires that sparkle in the sunlight, what does it take to make the utterly fantastic believable to your readers? The panel will discuss the research and decision process which goes into making good (or in some cases ridiculous) characters.  Speakers include:Michael Cieslak, Sarah Hans, Steven Saus, Skeeter Enright, Christian Klaver, Karl Schroeder - Track: Literature  - Duration: 50 minutes - Audio/video needs: none ","Hamlin",PUBLIC
"Traditional Publishing vs. Self-Publishing",4/25/2015,16:00,4/25/2015,16:50,FALSE,"What are the pros and cons of each? We all know the success stories of the rare few, but what about the heartaches? Is the goal still to just get noticed by a traditional publisher or has self-publishing gained legitimacy? The panelists will also discuss small/specialty presses.  Speakers include:Patty Templeton, Mary Lynne Gibbs, Christian Klaver - Track: Literature  - Duration: 50 minutes - Audio/video needs: none ","Hamlin",PUBLIC
"Traditional Publishing vs. Self-Publishing",4/25/2015,16:00,4/25/2015,16:50,FALSE,"What are the pros and cons of each? We all know the success stories of the rare few, but what about the heartaches? Is the goal still to just get noticed by a traditional publisher or has self-publishing gained legitimacy? The panelists will also discuss small/specialty presses.  Speakers include:Patty Templeton, Mary Lynne Gibbs, Christian Klaver - Track: Literature  - Duration: 50 minutes - Audio/video needs: none ","Hamlin",PUBLIC
"Making the Fantastic Believable",4/25/2015,13:00,4/25/2015,13:50,FALSE,"Ghosts, lycanthropes, robots, elves, even vampires that sparkle in the sunlight, what does it take to make the utterly fantastic believable to your readers? The panel will discuss the research and decision process which goes into making good (or in some cases ridiculous) characters.  Speakers include:Michael Cieslak, Sarah Hans, Steven Saus, Skeeter Enright, Christian Klaver, Karl Schroeder - Track: Literature  - Duration: 50 minutes - Audio/video needs: none ","Hamlin",PUBLIC
"Traditional Publishing vs. Self-Publishing",4/25/2015,16:00,4/25/2015,16:50,FALSE,"What are the pros and cons of each? We all know the success stories of the rare few, but what about the heartaches? Is the goal still to just get noticed by a traditional publisher or has self-publishing gained legitimacy? The panelists will also discuss small/specialty presses.  Speakers include:Patty Templeton, Mary Lynne Gibbs, Christian Klaver - Track: Literature  - Duration: 50 minutes - Audio/video needs: none ","Hamlin",PUBLIC
"Making the Fantastic Believable",4/25/2015,13:00,4/25/2015,13:50,FALSE,"Ghosts, lycanthropes, robots, elves, even vampires that sparkle in the sunlight, what does it take to make the utterly fantastic believable to your readers? The panel will discuss the research and decision process which goes into making good (or in some cases ridiculous) characters.  Speakers include:Michael Cieslak, Sarah Hans, Steven Saus, Skeeter Enright, Christian Klaver, Karl Schroeder - Track: Literature  - Duration: 50 minutes - Audio/video needs: none ","Hamlin",PUBLIC
"Traditional Publishing vs. Self-Publishing",4/25/2015,16:00,4/25/2015,16:50,FALSE,"What are the pros and cons of each? We all know the success stories of the rare few, but what about the heartaches? Is the goal still to just get noticed by a traditional publisher or has self-publishing gained legitimacy? The panelists will also discuss small/specialty presses.  Speakers include:Patty Templeton, Mary Lynne Gibbs, Christian Klaver - Track: Literature  - Duration: 50 minutes - Audio/video needs: none ","Hamlin",PUBLIC
