Subject,Start Date,Start Time,End Date,End Time,All Day Event,Description,Location,Private
"Comic and Graphic Novel Writing",4/24/2015,16:00,4/24/2015,16:50,FALSE,"Writing for comics, graphic novels, and other sequential art forms is different from short story writing. Come learn the tricks of the trade.  Speakers include:BluRaven Houvener, Trico Lutkins, Chris Thomasma - Track: Webcomics, Literature  - Duration: 50 minutes - Audio/video needs: Projector  ","Montcalm",PUBLIC
"Comic and Graphic Novel Writing",4/24/2015,16:00,4/24/2015,16:50,FALSE,"Writing for comics, graphic novels, and other sequential art forms is different from short story writing. Come learn the tricks of the trade.  Speakers include:BluRaven Houvener, Trico Lutkins, Chris Thomasma - Track: Webcomics, Literature  - Duration: 50 minutes - Audio/video needs: Projector  ","Montcalm",PUBLIC
"Comic and Graphic Novel Writing",4/24/2015,16:00,4/24/2015,16:50,FALSE,"Writing for comics, graphic novels, and other sequential art forms is different from short story writing. Come learn the tricks of the trade.  Speakers include:BluRaven Houvener, Trico Lutkins, Chris Thomasma - Track: Webcomics, Literature  - Duration: 50 minutes - Audio/video needs: Projector  ","Montcalm",PUBLIC
"Comic and Graphic Novel Writing",4/24/2015,16:00,4/24/2015,16:50,FALSE,"Writing for comics, graphic novels, and other sequential art forms is different from short story writing. Come learn the tricks of the trade.  Speakers include:BluRaven Houvener, Trico Lutkins, Chris Thomasma - Track: Webcomics, Literature  - Duration: 50 minutes - Audio/video needs: Projector  ","Montcalm",PUBLIC
"Comic and Graphic Novel Writing",4/24/2015,16:00,4/24/2015,16:50,FALSE,"Writing for comics, graphic novels, and other sequential art forms is different from short story writing. Come learn the tricks of the trade.  Speakers include:BluRaven Houvener, Trico Lutkins, Chris Thomasma - Track: Webcomics, Literature  - Duration: 50 minutes - Audio/video needs: Projector  ","Montcalm",PUBLIC
"Comic and Graphic Novel Writing",4/24/2015,16:00,4/24/2015,16:50,FALSE,"Writing for comics, graphic novels, and other sequential art forms is different from short story writing. Come learn the tricks of the trade.  Speakers include:BluRaven Houvener, Trico Lutkins, Chris Thomasma - Track: Webcomics, Literature  - Duration: 50 minutes - Audio/video needs: Projector  ","Montcalm",PUBLIC
