Subject,Start Date,Start Time,End Date,End Time,All Day Event,Description,Location,Private
"Hand Drumming for Beginners",4/24/2015,19:00,4/24/2015,19:50,FALSE,"Hand drumming for beginners focusing on Middle Eastern and drumming for dancers. Bring a drum. Extra drums may be available.  Speakers include:Dan Eakin, Roni Neal  - Track: Music  - Duration: 50 minutes - Audio/video needs: none ","Charlevoix A",PUBLIC
"Homesteading for the Begininer ",4/25/2015,11:00,4/25/2015,11:50,FALSE,"Interested in learning how to live a more self-sustaining life?  Come and see how you can get started on the homesteading path from two experienced homesteaders.  Learn how they got started and what they have found to work.   Speakers include:Dan Eakin, Matthew Grieshop - Track: Eco  - Duration: 50 minutes - Audio/video needs: none ","Board of Governors",DEFAULT
"Beekeeping for Sustainable Farming and Homesteading",4/25/2015,15:00,4/25/2015,15:50,FALSE,"An introduction to beekeeping for homesteading.  Learn the tools of the trade, best practices, and harvesting techniques.    Speakers include:Dan Eakin - Track: Eco  - Duration: 50 minutes - Audio/video needs: none ","Board of Governors",DEFAULT
"Vermicomposting",4/25/2015,16:00,4/25/2015,16:50,FALSE,"Worms are our friends, especially when they help us get rid of the mountians of compostable trash in our lives.  Learn how to keep your worms happy and your compost pile healthy.   Speakers include:Dan Eakin - Track: Eco  - Duration: 50 minutes - Audio/video needs: none ","Board of Governors",DEFAULT
