Subject,Start Date,Start Time,End Date,End Time,All Day Event,Description,Location,Private
"Homesteading for the Begininer ",4/24/2015,19:00,4/24/2015,19:50,FALSE,"Interested in learning how to live a more self-sustaining life?  Come and see how you can get started on the homesteading path from two experienced homesteaders.  Learn how they got started and what they have found to work.   Speakers include:Dan Eakin, Matthew Grieshop - Track: Eco  - Duration: 50 minutes - Audio/video needs: none ","Board of Governors",PUBLIC
"Hand Drumming for Beginners",4/24/2015,20:00,4/24/2015,20:50,FALSE,"Hand drumming for beginners focusing on Middle Eastern and drumming for dancers. Bring a drum. Extra drums may be available.  Speakers include:Dan Eakin, Roni Neal  - Track: Music  - Duration: 50 minutes - Audio/video needs: none ","Charlevoix A",PUBLIC
"Cross Sections of Community: Better Living through Networking",4/25/2015,12:00,4/25/2015,12:50,FALSE,"Realizing we have the solution at hand can alter the course of a day or change our current existence. All around us communities are emerging: centered on sustainability, recreational interests, or philosophical commonalities - people are choosing to work cooperatively. Limited knowledge of the people with whom we interact leaves us missing out on mutually beneficial opportunities. We all have those “it’s a small world” moments, now let’s capitalize on them.  Speakers include:Roni Neal, Dan Eakin, Hanna Christiansen, Phil Chase, Jerry Ginzel - Track: Life  - Duration: 50 minutes - Audio/video needs: none ","Charlevoix A",PUBLIC
"Beekeeping for Sustainable Farming and Homesteading",4/25/2015,13:00,4/25/2015,13:50,FALSE,"An introduction to beekeeping for homesteading.  Learn the tools of the trade, best practices, and harvesting techniques.    Speakers include:Dan Eakin - Track: Eco  - Duration: 50 minutes - Audio/video needs: none ","Board of Governors",PUBLIC
"Vermicomposting",4/25/2015,14:00,4/25/2015,14:50,FALSE,"Worms are our friends, especially when they help us get rid of the mountians of compostable trash in our lives.  Learn how to keep your worms happy and your compost pile healthy.   Speakers include:Dan Eakin - Track: Eco  - Duration: 50 minutes - Audio/video needs: none ","Board of Governors",PUBLIC
