Subject,Start Date,Start Time,End Date,End Time,All Day Event,Description,Location,Private
"Performance: Derwood Bowen",4/25/2015,20:00,4/25/2015,20:50,FALSE,"An up-and-comer from Westerville, OH, Derwood Bowen has been recording comedy songs, including parody songs, for 10 years, and has been a frequent contributor to the Sideshow at thefump.com. His live shows are enhanced by the usage of props, small tidbits and jokes, and occasional audience participation. If you're in need of a laugh, this show may be what you need!  Speakers include:Derwood Bowen - Track: Music  - Duration: 50 minutes - Audio/video needs: Sound System ","Algonquin B",PUBLIC
"Performance: Derwood Bowen",4/25/2015,20:00,4/25/2015,20:50,FALSE,"An up-and-comer from Westerville, OH, Derwood Bowen has been recording comedy songs, including parody songs, for 10 years, and has been a frequent contributor to the Sideshow at thefump.com. His live shows are enhanced by the usage of props, small tidbits and jokes, and occasional audience participation. If you're in need of a laugh, this show may be what you need!  Speakers include:Derwood Bowen - Track: Music  - Duration: 50 minutes - Audio/video needs: Sound System ","Algonquin B",PUBLIC
"Performance: Derwood Bowen",4/25/2015,20:00,4/25/2015,20:50,FALSE,"An up-and-comer from Westerville, OH, Derwood Bowen has been recording comedy songs, including parody songs, for 10 years, and has been a frequent contributor to the Sideshow at thefump.com. His live shows are enhanced by the usage of props, small tidbits and jokes, and occasional audience participation. If you're in need of a laugh, this show may be what you need!  Speakers include:Derwood Bowen - Track: Music  - Duration: 50 minutes - Audio/video needs: Sound System ","Algonquin B",PUBLIC
"Performance: Derwood Bowen",4/25/2015,20:00,4/25/2015,20:50,FALSE,"An up-and-comer from Westerville, OH, Derwood Bowen has been recording comedy songs, including parody songs, for 10 years, and has been a frequent contributor to the Sideshow at thefump.com. His live shows are enhanced by the usage of props, small tidbits and jokes, and occasional audience participation. If you're in need of a laugh, this show may be what you need!  Speakers include:Derwood Bowen - Track: Music  - Duration: 50 minutes - Audio/video needs: Sound System ","Algonquin B",PUBLIC
"Performance: Derwood Bowen",4/25/2015,20:00,4/25/2015,20:50,FALSE,"An up-and-comer from Westerville, OH, Derwood Bowen has been recording comedy songs, including parody songs, for 10 years, and has been a frequent contributor to the Sideshow at thefump.com. His live shows are enhanced by the usage of props, small tidbits and jokes, and occasional audience participation. If you're in need of a laugh, this show may be what you need!  Speakers include:Derwood Bowen - Track: Music  - Duration: 50 minutes - Audio/video needs: Sound System ","Algonquin B",PUBLIC
"Performance: Derwood Bowen",4/25/2015,20:00,4/25/2015,20:50,FALSE,"An up-and-comer from Westerville, OH, Derwood Bowen has been recording comedy songs, including parody songs, for 10 years, and has been a frequent contributor to the Sideshow at thefump.com. His live shows are enhanced by the usage of props, small tidbits and jokes, and occasional audience participation. If you're in need of a laugh, this show may be what you need!  Speakers include:Derwood Bowen - Track: Music  - Duration: 50 minutes - Audio/video needs: Sound System ","Algonquin B",PUBLIC
