Subject,Start Date,Start Time,End Date,End Time,All Day Event,Description,Location,Private
"Communication for Geeks",4/24/2015,18:00,4/24/2015,18:50,FALSE,"Flame wars got you down? Come learn about techniques for better communication and conflict resolution. In its third year, this panel will cover the usual: active listening, nonviolent communication, facilitation, and conflict resolution. We'll also discuss examples and opinions from current events in geekdom.  Speakers include:Ed Platt - Track: Life  - Duration: 50 minutes - Audio/video needs: none ","Board of Governors",PUBLIC
"Community Organizing Tech Roundtable",4/25/2015,10:00,4/25/2015,10:50,FALSE,"Free and open-source software is making it easier to organize communities for collaboration, activism, and more. What's new and exciting in community tech? How can it help you? How can we make it better? Edward L. Platt, MIT staff developer and i3 Detroit co-founder, will demo a few applications and facilitate a roundtable for builders and users of software for community organizing.  Speakers include:Ed Platt, Mark Oshiro - Track: Tech  - Duration: 50 minutes - Audio/video needs: none ","Board of Governors",PUBLIC
"Leading FLOSS Projects",4/25/2015,12:00,4/25/2015,12:50,FALSE,"There's more to leading a free/open-source project than just releasing your code into the wild. Edward L. Platt, MIT staff developer and lead developer of Seltzer CRM, will discuss best practices and lessons learned. Bring your questions and share your own experience.  Speakers include:Ed Platt - Track: Tech  - Duration: 50 minutes - Audio/video needs: none ","Board of Governors",PUBLIC
"Social Network Analysis: NetworkX and Gephi",4/26/2015,9:00,4/26/2015,9:50,FALSE,"We'll demo NetworkX and Gephi, two powerful, free/open-source tools for analyzing and visualizing social networks. Using these tools, we'll analyze the social network of Penguicon panels and presenters. Topics include: centrality measures, co-affiliation, clustering, and visualization. NetworkX examples will assume familiarity with Python. Edward L. Platt is staff at the MIT Center for Civic Media.  Speakers include:Ed Platt - Track: Tech  - Duration: 50 minutes - Audio/video needs: Projector ","Algonquin D",PUBLIC
