Subject,Start Date,Start Time,End Date,End Time,All Day Event,Description,Location,Private
"Getting Involved in the Open Source Community",4/25/2015,9:00,4/25/2015,9:50,FALSE,"Whether you are into circuitry, soda, 3d printing, DIY furniture, or software, there is an open source community for you. This panel answers questions like 'How do I find them? What can I do to introduce myself? How can I help?'  Speakers include:Kevin O'Brien, Tom Callaway, Ruth Suehle, Emily Gonyer, 
William A. Rowe Jr. - Track: Tech  - Duration: 50 minutes - Audio/video needs: none ","Algonquin C",PUBLIC
"Contributing to OSS - Navigating Community",4/25/2015,11:00,4/25/2015,11:50,FALSE,"Hacking Open Source Software is the entire point of its existence.  Change what you don't like, fix what doesn't work for you, and enjoy.  But what about getting your patches accepted by the project? wrowe@apache.org and other participants invite you to this discussion on navigating communities, finding acceptance for your contributions, and becoming part of the bigger communities of Open Source Projects.  Speakers include:William A. Rowe Jr., Emily Gonyer - Track: Tech  - Duration: 50 minutes - Audio/video needs: none ","Charlevoix A",PUBLIC
"Using Your Geek for Good Instead of Evil",4/25/2015,17:00,4/25/2015,17:50,FALSE,"You're the leetest of leet.  You dream in code.  Instead of helping prolong the problems of corporations for fun and money or creating state sponsored malware, what kind of good can you do with your skills?  Why bother?  Come listen to some people who are changing the world by sharing their technical abilities with others.    Speakers include:Nancy Bright, Erika Carlson, Emily Gonyer, Ken Grundberg, Albert Manero, Jen Owen, Ivan Owen - Track: Life  - Duration: 50 minutes - Audio/video needs: none ","Charlevoix B",PUBLIC
