Subject,Start Date,Start Time,End Date,End Time,All Day Event,Description,Location,Private
"Dark Chocolate Around The World",4/26/2015,12:00,4/26/2015,12:50,FALSE,"What makes one chocolate different from others? It's not just how much cocoa or sugar it contains or how it's processed. Different varieties of are grown in different parts of the world, and sometimes it's the type of beans make for different flavor qualities. Join Cathy and Eric Raymond for a tasting session designed to show you how to tell West African chocolate from Ecuadorian.  Speakers include:Cathy Raymond, Eric Raymond - Track: Food  - Duration: 50 minutes - Audio/video needs: none ","Food [Room 517]",PUBLIC
"Building the "Great Beast of Malvern"",4/25/2015,17:00,4/25/2015,17:50,FALSE,"One of us needed a new computer. One of us kicked off the campaign to fund it. One of us assembled the massive system. One of us installed the software. We were never all in the same place at the same time. All of us blogged about it, and had a great time with the whole folderol. Come hear how Eric 'esr' Raymond got his monster machine, with 'a little help from his friends' scattered all over the Internet.  Speakers include:Eric Raymond, Wendell Wilson, John D. Bell - Track: Tech, DIY  - Duration: 50 minutes - Audio/video needs: Projector ","Algonquin D",PUBLIC
"Dark Chocolate Around The World",4/26/2015,12:00,4/26/2015,12:50,FALSE,"What makes one chocolate different from others? It's not just how much cocoa or sugar it contains or how it's processed. Different varieties of are grown in different parts of the world, and sometimes it's the type of beans make for different flavor qualities. Join Cathy and Eric Raymond for a tasting session designed to show you how to tell West African chocolate from Ecuadorian.  Speakers include:Cathy Raymond, Eric Raymond - Track: Food  - Duration: 50 minutes - Audio/video needs: none ","Food [Room 517]",PUBLIC
"Eric S. Raymond: Ask Me Anything",4/26/2015,15:00,4/26/2015,15:50,FALSE,"Ask ESR Anything. What's he been working on? What's he shooting? What's he thinking about? What's he building in there?  Speakers include:Eric Raymond - Track: Tech  - Duration: 50 minutes - Audio/video needs: none ","Algonquin D",PUBLIC
