Subject,Start Date,Start Time,End Date,End Time,All Day Event,Description,Location,Private
"Eric S. Raymond: Ask Me Anything",5/2/2014,20:00,5/2/2014,20:50,FALSE,"Ask ESR Anything.  What's he been working on? What's he shooting? What's he thinking about? What's he building in there?  Speakers include:Eric S. Raymond - Track: Tech  - Duration: 50 minutes - Audio/video needs: none ","Charlevoix B",PUBLIC
"Hot Sauce Families",5/3/2014,12:00,5/3/2014,12:50,FALSE,"Capsicum-based hot sauces are not just about heat, but most people don't think about the other ingredients in their favorite brands.  Not all hot sauces are alike; they fall into distinct groups depending upon their major ingredients (other than hot peppers, vinegar, and water).  Join Eric and Cathy Raymond for a hot sauce tasting experience designed to teach you how to compare your favorites to new ones.    Speakers include:Cathy Raymond, Eric S. Raymond - Track: Food  - Duration: 50 minutes - Audio/video needs: none ","Food [Room 1017]",PUBLIC
"CryptoParty: Penguicon Edition",5/3/2014,17:00,5/3/2014,19:50,FALSE,"Everyday encryption for the general public. Learn to protect your hard drive's data, browse the web anonymously, encrypt your email, and more in this hands-on workshop. Absolute beginners are welcome; we will have volunteers on hand to provide you with software and help you learn to use it. Bring your laptop along to get the most from hands-on activities in this session.  Speakers include:Susan Sons, Chris Nehren, Jeremy Banks, Eric S. Raymond, Paul Berens, Adam Nuwer, Andrew Kelley, John D. Bell - Track: Tech  - Duration: 2 hours and 50 minutes - Audio/video needs: Projector ","Nicolet",PUBLIC
"Guns and Gun Safety",5/4/2014,10:00,5/4/2014,10:50,FALSE,"Author and gun enthusiast Stu Chisholm and author and NRA instructor Rob Reed talk about guns and gun safety.  Speakers include:Stu Chisholm, Rob Reed, Eric S. Raymond, Richard Houser - Track: Action Adventure  - Duration: 50 minutes - Audio/video needs: none ","Charlevoix B",PUBLIC
