Subject,Start Date,Start Time,End Date,End Time,All Day Event,Description,Location,Private
"How is Game of Thrones Breaking the Rules of Story Telling?",4/25/2015,12:00,4/25/2015,12:50,FALSE,"Main characters die, the popular characters never win, and our expectations are thwarted at every turn. How has it become so popular?   Speakers include:Jeannie Szarama, 
Ferrett Steinmetz - Track: Literature, Film  - Duration: 50 minutes - Audio/video needs: none ","Hamlin",PUBLIC
"Author Reading: Matt Betts and Ferrett Steinmetz",4/26/2015,10:00,4/26/2015,10:50,FALSE,"
Join two of Penguicon's favorite authors as they take the stage to read and discuss their latest works.    Speakers include:Ferrett Steinmetz, Matt Betts - Track: Literature  - Duration: 50 minutes - Audio/video needs: none ","Hamlin",PUBLIC
