Subject,Start Date,Start Time,End Date,End Time,All Day Event,Description,Location,Private
"Creature Costumes",4/26/2015,9:00,4/26/2015,9:50,FALSE,"Learn different techniques in making werewolf, lizardman, and other fantasy / sci-fi creature costumes.  Speakers include:Gnora Ford-Lepthien - Track: Costuming  - Duration: 50 minutes - Audio/video needs: none ","Nicolet",PUBLIC
"Silicone Casting for Cheap Bastards",4/26/2015,13:00,4/26/2015,14:50,FALSE,"Have you wanted to make stuff out of silicone, but don't want to buy the expensive stuff? In this panel you will learn how to mold silicone things out of cheap and easily obtainable silicone caulk and cornstarch. We will cover the entire process from plaster casting to the silicone mixture and casting. Limited amounts of casting materials will be available. Bring small items to mold in plaster, then cast in silicone. Spots are limited - please sign up at Ops!  Speakers include:Gnora Ford-Lepthien - Track: Costuming, DIY  - Duration: 1 hour and 50 minutes - Audio/video needs: none ","Food [Room 517]",PUBLIC
"Creature Costumes",4/26/2015,9:00,4/26/2015,9:50,FALSE,"Learn different techniques in making werewolf, lizardman, and other fantasy / sci-fi creature costumes.  Speakers include:Gnora Ford-Lepthien - Track: Costuming  - Duration: 50 minutes - Audio/video needs: none ","Nicolet",PUBLIC
"Silicone Casting for Cheap Bastards",4/26/2015,13:00,4/26/2015,14:50,FALSE,"Have you wanted to make stuff out of silicone, but don't want to buy the expensive stuff? In this panel you will learn how to mold silicone things out of cheap and easily obtainable silicone caulk and cornstarch. We will cover the entire process from plaster casting to the silicone mixture and casting. Limited amounts of casting materials will be available. Bring small items to mold in plaster, then cast in silicone. Spots are limited - please sign up at Ops!  Speakers include:Gnora Ford-Lepthien - Track: Costuming, DIY  - Duration: 1 hour and 50 minutes - Audio/video needs: none ","Food [Room 517]",PUBLIC
