Subject,Start Date,Start Time,End Date,End Time,All Day Event,Description,Location,Private
"Dawn and Greg's Film Roast",4/24/2015,22:00,4/24/2015,23:50,FALSE,"Go to the movies with Dawn and Greg as they add their own special brand of color commentary (a la MST3K) to make a bad movie into a good laugh.  WARNING: May (OK, WILL) include severe laughter, adult language and off-color jokes.  Not appropriate for young children or those who are easily offended,  Ask your doctor if your heart is healthy enough for sex - if it's not, it probably won't get you through one of our shows, either.  Speakers include:Greg Williams, Jer Lance - Track: Film  - Duration: 1 hour and 50 minutes - Audio/video needs: Microphone, Projector, Sound System ","Portage Auditorium",PUBLIC
"The Brown Liquors",4/25/2015,17:00,4/25/2015,17:50,FALSE,"What's the difference between Bourbon and Scotch? Is Tennessee whiskey any different from Irish? How? Why? Come hear how these different 'Brown Liquors' are made, and what makes them unique from one another. And while your at it, find out for yourself by sampling a little of each.Must be 21+ to participate. Spots are limited - please sign up at Ops!  Speakers include:Greg Williams, Karen Corbeill, James Gamble - Track: Food  - Duration: 50 minutes - Audio/video needs: none ","Food [Room 517]",PUBLIC
"2014's Con Chair Roast",4/25/2015,19:00,4/25/2015,19:50,FALSE,"Our fearless leader has finally found something to fear - a roasting by his friends and underlings! It's probably all in good fun, but don't expect everyone to be sober.  Speakers include:Nuri Gocay, Greg Williams, James Gamble, Britain Woodman, Rathbone the Pirate - Track: Penguicon Events  - Duration: 50 minutes - Audio/video needs: none ","Algonquin D",PUBLIC
"Flirting for Geeks",4/25/2015,20:00,4/25/2015,20:50,FALSE,"Come learn how to (and how not to) flirt from some of our local fandom's biggest flirts.  Not only is it laugh-out-loud funny, it's an irreverent and honest reflection of love, sex, and fandom. Find ways to woo, methods for making friends, and how to avoid being that creepy guy that we all talk about between conventions.  Speakers include:Greg Williams, Nuri Gocay, Bob Waltenspiel, Dave Phillips - Track: After Dark  - Duration: 50 minutes - Audio/video needs: none ","Windover",PUBLIC
