Subject,Start Date,Start Time,End Date,End Time,All Day Event,Description,Location,Private
"Introduction to Blues Dancing",4/26/2015,9:00,4/26/2015,10:50,FALSE,"Have you always wanted to do partner dancing, but find keeping yourself within a set pattern constraining? Blues dance is an American idiom of partner dance that is freeform with limitless possibilities for creativity, including throwing out the partner bit and going solo. While blues dance gave rise to hip hop dancing, it also survives in modern culture as the awkward high school slow dance. Except real blues dance has more, well, pizzazz and a lot less awkwardness. No need for special shoes or a partner, comes as you are and we'll help you learn to groove.  Speakers include:Janea Schimmel, Kent Kovac, Maggie Robinson, Ryan Carter  - Track: Life, Music  - Duration: 1 hour and 50 minutes - Audio/video needs: none ","Algonquin A",PUBLIC
"How To Be A Critic: Writing Reviews for Fun and Profit",4/25/2015,12:00,4/25/2015,12:50,FALSE,"Do you like to read, watch movies and television, play video games, and listen to music? Of course you do! Do you want to share your opinions about what you have read, watched, played, or listened to? Why not? Would you like to get paid, or at least be able to read/watch/play/listen to new material for free? The panelists will discuss the ins and outs of writing reviews, finding or building platforms for your reviews, and where to acquire material to review.  Speakers include:Michael Cieslak, Janea Schimmel, Charlie Jane Anders, Mark Oshiro - Track: Literature, Music, Film, Life  - Duration: 50 minutes - Audio/video needs: none ","Charlevoix B",PUBLIC
"How to do Dystopia",4/25/2015,10:00,4/25/2015,10:50,FALSE,"The Hunger Games, Divergent, Mad Max -- dystopian settings are populating books shelves and movie theaters, especially when it comes to the Young Adult market. The panel will discuss the popularity of the dystopian future and what makes one believable.  Speakers include:Sarah Hans, Janea Schimmel, Sean M. Davis, Steven Saus - Track: Literature, Film  - Duration: 50 minutes - Audio/video needs: none ","Hamilin",PUBLIC
"Marketing Online Content with Social Media",4/24/2015,16:00,4/24/2015,16:50,FALSE,"A quick exploration of social media tools that are useful in marketing online content (like blogs, webcomics, books, and more) via social media sites such as Facebook, Twitter, and Reddit. What works, what doesn't, and how you can maximize your digital footprint with a non-existent marketing budget.  Speakers include:Janea Schimmel, Steven Saus - Track: Literature  - Duration: 50 minutes - Audio/video needs: none ","Charlevoix C",PUBLIC
