Subject,Start Date,Start Time,End Date,End Time,All Day Event,Description,Location,Private
"12 Uses for a 5-Gallon Bucket in the Garden",4/25/2015,17:00,4/25/2015,17:50,FALSE,"Lots of fun surprises and ideas for making use of a 5 gallon bucket for a variety of tasks and purposes. 5 gallon buckets are readily available in stores or repurposed by gardeners of all skill levels to become everything from storage to planters.  Speakers include:Janice Leach - Track: Eco  - Duration: 50 minutes - Audio/video needs: none ","Charlevoix A",PUBLIC
"Conflict in the Garden",4/24/2015,17:00,4/24/2015,17:50,FALSE,"Gardens project a peaceful image, but having one can lead to a struggle against nature, pests, family members and even yourself. We'll talk about methods of cultivating peace in gardening, including Integrative Pest Management, low maintenance gardening, choosing beneficial and native plants, easy vegetable plants, and self-motivation.  Speakers include:Janice Leach - Track: Eco  - Duration: 50 minutes - Audio/video needs: none ","Hamlin",PUBLIC
"How to Get Kids to Fall in Love with Gardening",4/26/2015,14:00,4/26/2015,14:50,FALSE,"Gardening together is a great activity for adults and children in home or school garden settings. What factors lead to success? This presentation will focus on positive relationships with gardeners/adults, being encouraged in curiosity and growing confident in knowledge, and exploring through cooking and eating simple foods.  Speakers include:Janice Leach - Track: Eco  - Duration: 50 minutes - Audio/video needs: none ","Hamlin",PUBLIC
"12 Uses for a 5-Gallon Bucket in the Garden",4/25/2015,17:00,4/25/2015,17:50,FALSE,"Lots of fun surprises and ideas for making use of a 5 gallon bucket for a variety of tasks and purposes. 5 gallon buckets are readily available in stores or repurposed by gardeners of all skill levels to become everything from storage to planters.  Speakers include:Janice Leach - Track: Eco  - Duration: 50 minutes - Audio/video needs: none ","Charlevoix A",PUBLIC
"How to Get Kids to Fall in Love with Gardening",4/26/2015,14:00,4/26/2015,14:50,FALSE,"Gardening together is a great activity for adults and children in home or school garden settings. What factors lead to success? This presentation will focus on positive relationships with gardeners/adults, being encouraged in curiosity and growing confident in knowledge, and exploring through cooking and eating simple foods.  Speakers include:Janice Leach - Track: Eco  - Duration: 50 minutes - Audio/video needs: none ","Hamlin",PUBLIC
