Subject,Start Date,Start Time,End Date,End Time,All Day Event,Description,Location,Private
"Hacking Outside the Box: Internet of Things",4/25/2015,10:00,4/25/2015,10:50,FALSE,"With the emergence of the Internet of Things, pretty much everything you use on a daily basis -- from your car, to your thermometer, to your pacemaker -- are vulnerable to attack.  Are manufacturers of these non-typical computing devices using good security methodology?  Can you fool a car into unlocking itself with a simple setup?  What other fun devices have computers that can be fiddled with for fun or profit?  Speakers include:Nick Farr, Jeff Goeke-Smith, Jason Kridner - Track: Tech  - Duration: 50 minutes - Audio/video needs: none ","Windover",PUBLIC
"Getting Started with BeagleBone (Saturday)",4/25/2015,19:00,4/25/2015,19:50,FALSE,"This hands-on workshop shows you how to take a BeagleBone Black, an open hardware computer that runs off your laptop's USB port, from out-of-the-box to blinking an LED in under 5 minutes. We'll get you to the Linux command prompt and introduce you to programming electronics with JavaScript. Bring a laptop if you can! Spots are limited - please sign up at Ops!  Speakers include:Jason Kridner, Christine Long - Track: Tech, DIY  - Duration: 50 minutes - Audio/video needs: none ","Board of Trustees",PUBLIC
"Independent SW/HW: Bucking Big Industry for Fun and Profit",4/25/2015,21:00,4/25/2015,21:50,FALSE,"Sure, there are juggernauts in software and hardware industry, but if you want to do it yourself, what kinds of challenges are you going to run into?  Come listen to our panelists talk about their experiences with going against the grain as independent software and hardware producers.    Speakers include:Aral Balkan, Ed Mason, Jason Kridner - Track: Tech  - Duration: 50 minutes - Audio/video needs: none ","Algonquin D",PUBLIC
"Getting Started with BeagleBone (Sunday)",4/26/2015,12:00,4/26/2015,12:50,FALSE,"This hands-on workshop shows you how to take a BeagleBone Black, an open hardware computer that runs off your laptop's USB port, from out-of-the-box to blinking an LED in under 5 minutes. We'll get you to the Linux command prompt and introduce you to programming electronics with JavaScript. Bring a laptop if you can! Spots are limited - please sign up at Ops!  Speakers include:Jason Kridner, Christine Long - Track: Tech, DIY  - Duration: 50 minutes - Audio/video needs: none ","Board of Trustees",PUBLIC
