Subject,Start Date,Start Time,End Date,End Time,All Day Event,Description,Location,Private
"Live Body Paint",4/25/2015,17:00,4/25/2015,20:50,FALSE,"Watch the magic happen as we transform our beautiful model into a work of art! Stop by throughout the evening and watch the paint come to life. Feel free to take pictures and ask questions of the artists and model.  Speakers include:Sarah Metzler, Jeannie Arquette - Track: After Dark  - Duration: 3 hours and 50 minutes - Audio/video needs: none ","Board of Regents",PUBLIC
"Pattern Alterations for All Body Types",4/26/2015,10:00,4/26/2015,10:50,FALSE,"Since everyone comes in different shapes and sizes, it can be difficult to find a pattern or costume to match your cosplay idea. We will cover alteration techniques, and various other conversion or reimagining ideas in order to help you create the costume you really want.  Speakers include:Wendy Carson, John Belden, Jeannie Arquette - Track: Costuming  - Duration: 50 minutes - Audio/video needs: none ","Board of Governors",PUBLIC
"Sewing 101",4/24/2015,20:00,4/24/2015,21:50,FALSE,"This is a basic fashion sewing to help with the construction of costumes. We will go over various stitching and construction techniques. Stitches will include but are not limited to french, ease, top, open welt, and flat felled. We will go over various zipper installs,a variety of pocket styles, and pleats and tucks. This class will be mostly demo, but if you have a machine of your own feel free to bring it and sew your very own samples - muslin will be provided, but bring your own thread. Spots are limited - please sign up at Ops!  Speakers include:Jeannie Arquette - Track: Costuming, DIY  - Duration: 1 hour and 50 minutes - Audio/video needs: none ","Board of Trustees",PUBLIC
"Special Effects Makup: Jello edition",4/25/2015,11:00,4/25/2015,11:50,FALSE,"Come find out about the cool effects you can pull off using unflavored gelatin as a base.  Speakers include:Kat McConnell, Jeannie Arquette - Track: Costuming  - Duration: 50 minutes - Audio/video needs: none ","Board of Regents",PUBLIC
