Subject,Start Date,Start Time,End Date,End Time,All Day Event,Description,Location,Private
"Larval Writers Panel",4/24/2015,16:00,4/24/2015,16:50,FALSE,"Sometimes panels with very successful writers on them are intimidating or a bit non-applicable to folks just dipping their toes in the ink, so to speak. This panel has writers struggling to find success sharing their triumphs, woes, insights, and experiences with other aspiring writers.  Speakers include:Jen Haeger, Brent Seth, Rachael Acks, Patty Templeton, Clarence Young, Leslie Gulvas, Michael Elliott  - Track: Literature  - Duration: 50 minutes - Audio/video needs: none ","Windover",PUBLIC
"The CSI Phenomenon",4/25/2015,10:00,4/25/2015,10:50,FALSE,"A critical look at the hit show through the eyes of a fan with a masters in forensic science. We'll analyze specific clips to see what the show does right and what it does wrong, and talk about some interesting aspects of forensic science.  Speakers include:Jen Haeger - Track: Science  - Duration: 50 minutes - Audio/video needs: Projector ","Portage Auditorium",PUBLIC
"What Is NaNoWriMo?",4/25/2015,13:00,4/25/2015,13:50,FALSE,"It is a simple concept: write a 50,000 word novel during the month of November. Is it a good writing exercise? The panelists will talk about their own NaNo experiences, discuss what they have done with their NaNo works, and answer questions.  Speakers include:Michael Cieslak, Jen Haeger - Track: Literature  - Duration: 50 minutes - Audio/video needs: none ","Hamilin",PUBLIC
"Plotting vs Pantsing - An Author's Dilemma",4/25/2015,18:00,4/25/2015,18:50,FALSE,"There are two main strategies to writing: plotting and pantsing. Plotters spend months and sometimes years meticulously planning their characters and stories, while pantsers just write everything on the fly. Which method makes a for a better story? Does it depend on the story? Come hear the pros and cons of each method and get a general feel for what makes writers tick.  Speakers include:Jen Haeger, Rachael Acks, Suzanne Church, Clarence Young, Jim Leach, Michael Elliott, Matt Betts - Track: Literature  - Duration: 50 minutes - Audio/video needs: none ","Hamilin",PUBLIC
"Author Reading: Jen Haeger and Sarah Hans",4/26/2015,11:00,4/26/2015,11:50,FALSE,"


Join author and veterinarian Jen Haeger and author/editor Sarah Hans while they read and discuss their latest works.   Speakers include:Jen Haeger, Sarah Hans - Track: Literature  - Duration: 50 minutes - Audio/video needs: none ","Hamilin",PUBLIC
"Science Fiction is Now Science Reality",4/26/2015,13:00,4/26/2015,13:50,FALSE,"Science fiction authors have been writing about futuristic concepts for longer than any of us can remember.  Moore's law, though, has us flying into the future at speeds faster than what any of us have previously comprehended.  Things only imagined by creative minds are coming to reality in exciting, and sometimes terrifying ways.  Come join some authors and technologists as they talk about science fiction themes that are now a reality and what's coming next!  Speakers include:Annalee Newitz, Ed Mason, Karl Schroeder, Charlie Jane Anders, Jen Haeger - Track: Science, Literature  - Duration: 50 minutes - Audio/video needs: none ","Windover",PUBLIC
