Subject,Start Date,Start Time,End Date,End Time,All Day Event,Description,Location,Private
"The Ethics of AI",4/25/2015,9:00,4/25/2015,9:50,FALSE,"If we develop an artificial intelligence that talks like a human, thinks like a human, and acts like a human, it will be fair to expect it to abide by the same social contract as a human. The problem is that if Artificial Intelligence comes to pass it is very unlikely that it will be anything like a human. This brings us to the very hazy area of the ethics surrounding AI. What rules do we have a right to enforce on a living entity that is nothing like us? How dangerous is it to develop something that we will not be able to fully understand and will be able to think a lot faster than us? What if AI is actually kind of dumb?  Speakers include:Samuel Hansen, Jennifer Marsman, Karl Schroeder - Track: Science, Tech  - Duration: 50 minutes - Audio/video needs: none ","Windover",PUBLIC
"Cloud + Open Source + Microsoft = Azure",4/25/2015,14:00,4/25/2015,14:50,FALSE,"Microsoft does open source? Yes! Microsoft Azure is a cloud computing platform with support for Linux virtual machines, node.js, PHP, Python, Android, iOS, Hadoop, Chef, Puppet, and more. In this session, we will demonstrate some of Azure's power, including its machine learning capabilities. You will walk away with the resources to get started in the cloud.  Speakers include:Jennifer Marsman - Track: Tech  - Duration: 50 minutes - Audio/video needs: Projector ","Algonquin B",PUBLIC
"The Ethics of AI",4/25/2015,9:00,4/25/2015,9:50,FALSE,"If we develop an artificial intelligence that talks like a human, thinks like a human, and acts like a human, it will be fair to expect it to abide by the same social contract as a human. The problem is that if Artificial Intelligence comes to pass it is very unlikely that it will be anything like a human. This brings us to the very hazy area of the ethics surrounding AI. What rules do we have a right to enforce on a living entity that is nothing like us? How dangerous is it to develop something that we will not be able to fully understand and will be able to think a lot faster than us? What if AI is actually kind of dumb?  Speakers include:Samuel Hansen, Jennifer Marsman, Karl Schroeder - Track: Science, Tech  - Duration: 50 minutes - Audio/video needs: none ","Windover",PUBLIC
"Cloud + Open Source + Microsoft = Azure",4/25/2015,14:00,4/25/2015,14:50,FALSE,"Microsoft does open source? Yes! Microsoft Azure is a cloud computing platform with support for Linux virtual machines, node.js, PHP, Python, Android, iOS, Hadoop, Chef, Puppet, and more. In this session, we will demonstrate some of Azure's power, including its machine learning capabilities. You will walk away with the resources to get started in the cloud.  Speakers include:Jennifer Marsman - Track: Tech  - Duration: 50 minutes - Audio/video needs: Projector ","Algonquin B",PUBLIC
"The Ethics of AI",4/25/2015,9:00,4/25/2015,9:50,FALSE,"If we develop an artificial intelligence that talks like a human, thinks like a human, and acts like a human, it will be fair to expect it to abide by the same social contract as a human. The problem is that if Artificial Intelligence comes to pass it is very unlikely that it will be anything like a human. This brings us to the very hazy area of the ethics surrounding AI. What rules do we have a right to enforce on a living entity that is nothing like us? How dangerous is it to develop something that we will not be able to fully understand and will be able to think a lot faster than us? What if AI is actually kind of dumb?  Speakers include:Samuel Hansen, Jennifer Marsman, Karl Schroeder - Track: Science, Tech  - Duration: 50 minutes - Audio/video needs: none ","Windover",PUBLIC
"The Ethics of AI",4/25/2015,9:00,4/25/2015,9:50,FALSE,"If we develop an artificial intelligence that talks like a human, thinks like a human, and acts like a human, it will be fair to expect it to abide by the same social contract as a human. The problem is that if Artificial Intelligence comes to pass it is very unlikely that it will be anything like a human. This brings us to the very hazy area of the ethics surrounding AI. What rules do we have a right to enforce on a living entity that is nothing like us? How dangerous is it to develop something that we will not be able to fully understand and will be able to think a lot faster than us? What if AI is actually kind of dumb?  Speakers include:Samuel Hansen, Jennifer Marsman, Karl Schroeder - Track: Science, Tech  - Duration: 50 minutes - Audio/video needs: none ","Windover",PUBLIC
"Cloud + Open Source + Microsoft = Azure",4/25/2015,14:00,4/25/2015,14:50,FALSE,"Microsoft does open source? Yes! Microsoft Azure is a cloud computing platform with support for Linux virtual machines, node.js, PHP, Python, Android, iOS, Hadoop, Chef, Puppet, and more. In this session, we will demonstrate some of Azure's power, including its machine learning capabilities. You will walk away with the resources to get started in the cloud.  Speakers include:Jennifer Marsman - Track: Tech  - Duration: 50 minutes - Audio/video needs: Projector ","Algonquin B",PUBLIC
"The Ethics of AI",4/25/2015,9:00,4/25/2015,9:50,FALSE,"If we develop an artificial intelligence that talks like a human, thinks like a human, and acts like a human, it will be fair to expect it to abide by the same social contract as a human. The problem is that if Artificial Intelligence comes to pass it is very unlikely that it will be anything like a human. This brings us to the very hazy area of the ethics surrounding AI. What rules do we have a right to enforce on a living entity that is nothing like us? How dangerous is it to develop something that we will not be able to fully understand and will be able to think a lot faster than us? What if AI is actually kind of dumb?  Speakers include:Samuel Hansen, Jennifer Marsman, Karl Schroeder - Track: Science, Tech  - Duration: 50 minutes - Audio/video needs: none ","Windover",PUBLIC
"Cloud + Open Source + Microsoft = Azure",4/25/2015,14:00,4/25/2015,14:50,FALSE,"Microsoft does open source? Yes! Microsoft Azure is a cloud computing platform with support for Linux virtual machines, node.js, PHP, Python, Android, iOS, Hadoop, Chef, Puppet, and more. In this session, we will demonstrate some of Azure's power, including its machine learning capabilities. You will walk away with the resources to get started in the cloud.  Speakers include:Jennifer Marsman - Track: Tech  - Duration: 50 minutes - Audio/video needs: Projector ","Algonquin B",PUBLIC
"Cloud + Open Source + Microsoft = Azure",4/25/2015,14:00,4/25/2015,14:50,FALSE,"Microsoft does open source? Yes! Microsoft Azure is a cloud computing platform with support for Linux virtual machines, node.js, PHP, Python, Android, iOS, Hadoop, Chef, Puppet, and more. In this session, we will demonstrate some of Azure's power, including its machine learning capabilities. You will walk away with the resources to get started in the cloud.  Speakers include:Jennifer Marsman - Track: Tech  - Duration: 50 minutes - Audio/video needs: Projector ","Algonquin B",PUBLIC
"The Ethics of AI",4/25/2015,9:00,4/25/2015,9:50,FALSE,"If we develop an artificial intelligence that talks like a human, thinks like a human, and acts like a human, it will be fair to expect it to abide by the same social contract as a human. The problem is that if Artificial Intelligence comes to pass it is very unlikely that it will be anything like a human. This brings us to the very hazy area of the ethics surrounding AI. What rules do we have a right to enforce on a living entity that is nothing like us? How dangerous is it to develop something that we will not be able to fully understand and will be able to think a lot faster than us? What if AI is actually kind of dumb?  Speakers include:Samuel Hansen, Jennifer Marsman, Karl Schroeder - Track: Science, Tech  - Duration: 50 minutes - Audio/video needs: none ","Windover",PUBLIC
"Cloud + Open Source + Microsoft = Azure",4/25/2015,14:00,4/25/2015,14:50,FALSE,"Microsoft does open source? Yes! Microsoft Azure is a cloud computing platform with support for Linux virtual machines, node.js, PHP, Python, Android, iOS, Hadoop, Chef, Puppet, and more. In this session, we will demonstrate some of Azure's power, including its machine learning capabilities. You will walk away with the resources to get started in the cloud.  Speakers include:Jennifer Marsman - Track: Tech  - Duration: 50 minutes - Audio/video needs: Projector ","Algonquin B",PUBLIC
