Subject,Start Date,Start Time,End Date,End Time,All Day Event,Description,Location,Private
"Dawn and Greg's Film Roast",4/24/2015,22:00,4/24/2015,23:50,FALSE,"Go to the movies with Dawn and Greg as they add their own special brand of color commentary (a la MST3K) to make a bad movie into a good laugh. WARNING: May (OK, WILL) include severe laughter, adult language and off-color jokes. Not appropriate for young children or those who are easily offended, Ask your doctor if your heart is healthy enough for sex - if it's not, it probably won't get you through one of our shows, either.  Speakers include:Greg Williams, Jer Lance - Track: Film  - Duration: 1 hour and 50 minutes - Audio/video needs: Microphone, Projector, Sound System ","Portage Auditorium",PUBLIC
"So You Want to be a Manager",4/25/2015,13:00,4/25/2015,13:50,FALSE,"Ah, the glamorous life of a manager! Or is it? Come hear a few voices 'from the trenches' talk about what it's really like to lead a team, what the job actually entails and some of the horrible - and horribly funny - stories of uncomfortable and embarrassing tasks we as managers have had to complete.  Speakers include:Nuri Gocay, Jer Lance, Dave Phillips - Track: Life  - Duration: 50 minutes - Audio/video needs: none ","Windover",PUBLIC
"Penguicon Board Meeting ",4/25/2015,16:00,4/25/2015,16:50,FALSE,"You've done the convention, you've met the staff, and you've even socialized with the ConCom. But what about those *other* Penguicon people? Those shadowy figures that create the multi-year rules, have their fingers on the money, and cause a ConChair to mysteriously appear every year in a puff of penguin-scented smoke? Ever wonder what the Penguicon Board of Directors does in their secret sanctum, and where they are taking Penguicon? Come to the Board of Directors meeting and see!  Speakers include:Steve Gutterman, Randy Bradakis, Matt Arnold, Jer Lance, Gini Judd, Amanda Long-Adams, James Hice - Track: Penguicon Events  - Duration: 50 minutes - Audio/video needs: none ","Board of Regents",PUBLIC
"Dawn and Greg's Film Roast",4/24/2015,22:00,4/24/2015,23:50,FALSE,"Go to the movies with Dawn and Greg as they add their own special brand of color commentary (a la MST3K) to make a bad movie into a good laugh. WARNING: May (OK, WILL) include severe laughter, adult language and off-color jokes. Not appropriate for young children or those who are easily offended, Ask your doctor if your heart is healthy enough for sex - if it's not, it probably won't get you through one of our shows, either.  Speakers include:Greg Williams, Jer Lance - Track: Film  - Duration: 1 hour and 50 minutes - Audio/video needs: Microphone, Projector, Sound System ","Portage Auditorium",PUBLIC
"So You Want to be a Manager",4/25/2015,13:00,4/25/2015,13:50,FALSE,"Ah, the glamorous life of a manager! Or is it? Come hear a few voices 'from the trenches' talk about what it's really like to lead a team, what the job actually entails and some of the horrible - and horribly funny - stories of uncomfortable and embarrassing tasks we as managers have had to complete.  Speakers include:Nuri Gocay, Jer Lance, Dave Phillips - Track: Life  - Duration: 50 minutes - Audio/video needs: none ","Windover",PUBLIC
"Penguicon Board Meeting ",4/25/2015,16:00,4/25/2015,16:50,FALSE,"You've done the convention, you've met the staff, and you've even socialized with the ConCom. But what about those *other* Penguicon people? Those shadowy figures that create the multi-year rules, have their fingers on the money, and cause a ConChair to mysteriously appear every year in a puff of penguin-scented smoke? Ever wonder what the Penguicon Board of Directors does in their secret sanctum, and where they are taking Penguicon? Come to the Board of Directors meeting and see!  Speakers include:Steve Gutterman, Randy Bradakis, Matt Arnold, Jer Lance, Gini Judd, Amanda Long-Adams, James Hice - Track: Penguicon Events  - Duration: 50 minutes - Audio/video needs: none ","Board of Regents",PUBLIC
"Dawn and Greg's Film Roast",4/24/2015,22:00,4/24/2015,23:50,FALSE,"Go to the movies with Dawn and Greg as they add their own special brand of color commentary (a la MST3K) to make a bad movie into a good laugh. WARNING: May (OK, WILL) include severe laughter, adult language and off-color jokes. Not appropriate for young children or those who are easily offended, Ask your doctor if your heart is healthy enough for sex - if it's not, it probably won't get you through one of our shows, either.  Speakers include:Greg Williams, Jer Lance - Track: Film  - Duration: 1 hour and 50 minutes - Audio/video needs: Microphone, Projector, Sound System ","Portage Auditorium",PUBLIC
"Dawn and Greg's Film Roast",4/24/2015,22:00,4/24/2015,23:50,FALSE,"Go to the movies with Dawn and Greg as they add their own special brand of color commentary (a la MST3K) to make a bad movie into a good laugh. WARNING: May (OK, WILL) include severe laughter, adult language and off-color jokes. Not appropriate for young children or those who are easily offended, Ask your doctor if your heart is healthy enough for sex - if it's not, it probably won't get you through one of our shows, either.  Speakers include:Greg Williams, Jer Lance - Track: Film  - Duration: 1 hour and 50 minutes - Audio/video needs: Microphone, Projector, Sound System ","Portage Auditorium",PUBLIC
"So You Want to be a Manager",4/25/2015,13:00,4/25/2015,13:50,FALSE,"Ah, the glamorous life of a manager! Or is it? Come hear a few voices 'from the trenches' talk about what it's really like to lead a team, what the job actually entails and some of the horrible - and horribly funny - stories of uncomfortable and embarrassing tasks we as managers have had to complete.  Speakers include:Nuri Gocay, Jer Lance, Dave Phillips - Track: Life  - Duration: 50 minutes - Audio/video needs: none ","Windover",PUBLIC
"Dawn and Greg's Film Roast",4/24/2015,22:00,4/24/2015,23:50,FALSE,"Go to the movies with Dawn and Greg as they add their own special brand of color commentary (a la MST3K) to make a bad movie into a good laugh. WARNING: May (OK, WILL) include severe laughter, adult language and off-color jokes. Not appropriate for young children or those who are easily offended, Ask your doctor if your heart is healthy enough for sex - if it's not, it probably won't get you through one of our shows, either.  Speakers include:Greg Williams, Jer Lance - Track: Film  - Duration: 1 hour and 50 minutes - Audio/video needs: Microphone, Projector, Sound System ","Portage Auditorium",PUBLIC
"Penguicon Board Meeting ",4/25/2015,16:00,4/25/2015,16:50,FALSE,"You've done the convention, you've met the staff, and you've even socialized with the ConCom. But what about those *other* Penguicon people? Those shadowy figures that create the multi-year rules, have their fingers on the money, and cause a ConChair to mysteriously appear every year in a puff of penguin-scented smoke? Ever wonder what the Penguicon Board of Directors does in their secret sanctum, and where they are taking Penguicon? Come to the Board of Directors meeting and see!  Speakers include:Steve Gutterman, Randy Bradakis, Matt Arnold, Jer Lance, Gini Judd, Amanda Long-Adams, James Hice - Track: Penguicon Events  - Duration: 50 minutes - Audio/video needs: none ","Board of Regents",PUBLIC
"So You Want to be a Manager",4/25/2015,13:00,4/25/2015,13:50,FALSE,"Ah, the glamorous life of a manager! Or is it? Come hear a few voices 'from the trenches' talk about what it's really like to lead a team, what the job actually entails and some of the horrible - and horribly funny - stories of uncomfortable and embarrassing tasks we as managers have had to complete.  Speakers include:Nuri Gocay, Jer Lance, Dave Phillips - Track: Life  - Duration: 50 minutes - Audio/video needs: none ","Windover",PUBLIC
"Penguicon Board Meeting ",4/25/2015,16:00,4/25/2015,16:50,FALSE,"You've done the convention, you've met the staff, and you've even socialized with the ConCom. But what about those *other* Penguicon people? Those shadowy figures that create the multi-year rules, have their fingers on the money, and cause a ConChair to mysteriously appear every year in a puff of penguin-scented smoke? Ever wonder what the Penguicon Board of Directors does in their secret sanctum, and where they are taking Penguicon? Come to the Board of Directors meeting and see!  Speakers include:Steve Gutterman, Randy Bradakis, Matt Arnold, Jer Lance, Gini Judd, Amanda Long-Adams, James Hice - Track: Penguicon Events  - Duration: 50 minutes - Audio/video needs: none ","Board of Regents",PUBLIC
"So You Want to be a Manager",4/25/2015,13:00,4/25/2015,13:50,FALSE,"Ah, the glamorous life of a manager! Or is it? Come hear a few voices 'from the trenches' talk about what it's really like to lead a team, what the job actually entails and some of the horrible - and horribly funny - stories of uncomfortable and embarrassing tasks we as managers have had to complete.  Speakers include:Nuri Gocay, Jer Lance, Dave Phillips - Track: Life  - Duration: 50 minutes - Audio/video needs: none ","Windover",PUBLIC
"Penguicon Board Meeting ",4/25/2015,16:00,4/25/2015,16:50,FALSE,"You've done the convention, you've met the staff, and you've even socialized with the ConCom. But what about those *other* Penguicon people? Those shadowy figures that create the multi-year rules, have their fingers on the money, and cause a ConChair to mysteriously appear every year in a puff of penguin-scented smoke? Ever wonder what the Penguicon Board of Directors does in their secret sanctum, and where they are taking Penguicon? Come to the Board of Directors meeting and see!  Speakers include:Steve Gutterman, Randy Bradakis, Matt Arnold, Jer Lance, Gini Judd, Amanda Long-Adams, James Hice - Track: Penguicon Events  - Duration: 50 minutes - Audio/video needs: none ","Board of Regents",PUBLIC
"Dawn and Greg's Film Roast",4/24/2015,22:00,4/24/2015,23:50,FALSE,"Go to the movies with Dawn and Greg as they add their own special brand of color commentary (a la MST3K) to make a bad movie into a good laugh. WARNING: May (OK, WILL) include severe laughter, adult language and off-color jokes. Not appropriate for young children or those who are easily offended, Ask your doctor if your heart is healthy enough for sex - if it's not, it probably won't get you through one of our shows, either.  Speakers include:Greg Williams, Jer Lance - Track: Film  - Duration: 1 hour and 50 minutes - Audio/video needs: Microphone, Projector, Sound System ","Portage Auditorium",PUBLIC
"So You Want to be a Manager",4/25/2015,13:00,4/25/2015,13:50,FALSE,"Ah, the glamorous life of a manager! Or is it? Come hear a few voices 'from the trenches' talk about what it's really like to lead a team, what the job actually entails and some of the horrible - and horribly funny - stories of uncomfortable and embarrassing tasks we as managers have had to complete.  Speakers include:Nuri Gocay, Jer Lance, Dave Phillips - Track: Life  - Duration: 50 minutes - Audio/video needs: none ","Windover",PUBLIC
"Penguicon Board Meeting ",4/25/2015,16:00,4/25/2015,16:50,FALSE,"You've done the convention, you've met the staff, and you've even socialized with the ConCom. But what about those *other* Penguicon people? Those shadowy figures that create the multi-year rules, have their fingers on the money, and cause a ConChair to mysteriously appear every year in a puff of penguin-scented smoke? Ever wonder what the Penguicon Board of Directors does in their secret sanctum, and where they are taking Penguicon? Come to the Board of Directors meeting and see!  Speakers include:Steve Gutterman, Randy Bradakis, Matt Arnold, Jer Lance, Gini Judd, Amanda Long-Adams, James Hice - Track: Penguicon Events  - Duration: 50 minutes - Audio/video needs: none ","Board of Regents",PUBLIC
