Subject,Start Date,Start Time,End Date,End Time,All Day Event,Description,Location,Private
"Board Games for Young Kids that are Actually Fun",4/24/2015,19:00,4/24/2015,19:50,FALSE,"Let's face it... board games for the younger geeklings in our life can leave a lot to be desired. Come and join us for an intro to some of the better games on the market right now that won't make you want to watch paint dry. Demos will be on hand with a focus on games for those 10 and under. Sharing of your favorite game, either new or from your childhood, is welcome.  Speakers include:Jessica Roland, Phil Chase - Track: Gaming  - Duration: 50 minutes - Audio/video needs: none ","Nicolet",PUBLIC
"Friendship at the Speed of Sound",4/24/2015,21:00,4/24/2015,21:50,FALSE,"Meeting people can be difficult and sometimes impossible to do as an adult. This is especially true if you find social settings overwhelming. Come to this panel to meet other attendees in a informal setting. Find people with similar interests to hang with while you are at the con. Conversation starters will be provided.  Speakers include:Jessica Roland, Carol Thomas, Paul Kemner - Track: Life  - Duration: 50 minutes - Audio/video needs: none ","Board of Governors",PUBLIC
"Living in the Eye of the Storm: Neurodiversity in Relationships",4/25/2015,9:00,4/25/2015,9:50,FALSE,"The eye of the storm is a calm haven of beauty and peace but any number of things can push you beyond that center into a world of chaos and uncertainty. Relationships are difficult and even more so when you throw in neurologically different perspectives. Join the discussion to see how relationships can work despite one or both partners living with neurodiversity.   Speakers include:Jessica Roland, Chris Roland, Kristy Currier, Miranda Webster, Terry Pavlet - Track: Life  - Duration: 50 minutes - Audio/video needs: none ","Algonquin C",PUBLIC
"Poetry Slam",4/25/2015,19:00,4/25/2015,19:50,FALSE,"Words are powerful, but we can't all be novelists. Spoken word performances have taken the internet by storm in a very powerful and positive way. Come and share your poem, soliloquy, personal mantra, or other short personally written piece. Depending on participation you may be limited on time.  Speakers include:Jessica Roland, Matt Betts - Track: Literature  - Duration: 50 minutes - Audio/video needs: none ","Hamlin",PUBLIC
