Subject,Start Date,Start Time,End Date,End Time,All Day Event,Description,Location,Private
"Artemis: The Starship Bridge Simulator (Friday)",4/24/2015,18:00,4/24/2015,22:00,FALSE,"Come be a member of the bridge crew in Artemis, the Starship Bridge Simulator. One hour sessions throughout the weekend.  Speakers include:Joe Greene - Track: Videograming  - Duration: 4 hours - Audio/video needs: none ","Baldwin Board Room",PUBLIC
"Artemis: The Starship Bridge Simulator (Saturday)",4/25/2015,10:00,4/25/2015,18:00,FALSE,"Come be a member of the bridge crew in Artemis, the Starship Bridge Simulator. One hour sessions throughout the weekend.  Speakers include:Joe Greene - Track: Videograming  - Duration: 8 hours - Audio/video needs: none ","Baldwin Board Room",PUBLIC
"Artemis & Wine: Space Travel on a Budget",4/25/2015,19:00,4/25/2015,19:50,FALSE,"Wonder how it can be affordable to run a windows game that requires six computers? Come find out how it's done, with extra tools to make it more immersive at almost no additional cost! We'll show you the tricks used to make the Linux Bootable USB drives, 'behind the bridges', and what extra tools they include.   Speakers include:Joe Greene - Track: Tech, Videogaming  - Duration: 50 minutes - Audio/video needs: Projector ","Nicolet",PUBLIC
"Artemis: The Starship Bridge Simulator (Sunday)",4/26/2015,10:00,4/26/2015,13:00,FALSE,"Come be a member of the bridge crew in Artemis, the Starship Bridge Simulator. One hour sessions throughout the weekend.  Speakers include:Joe Greene - Track: Videograming  - Duration: 3 hours - Audio/video needs: none ","Baldwin Board Room",PUBLIC
