Subject,Start Date,Start Time,End Date,End Time,All Day Event,Description,Location,Private
"Lords of Waterdeep",4/24/2015,21:00,4/24/2015,22:50,FALSE,"Lords of Waterdeep + expansions is a fairly light strategy/worker placement board game for 2-6 players where players compete to recruit adventurers from around the city of Waterdeep to complete quests. Gain points and resources by completing these quests, buying buildings or hinder opponents using intrigue cards. Generally an easy game to grasp, so it can be explained in less than 15 minutes with 60-90 minutes play time. Note: this board game can be enjoyed even if you do not like DnD.  Speakers include:Joe Rapp - Track: Gaming  - Duration: 1 hour and 50 minutes - Audio/video needs: none ","Gaming [Lobby]",PUBLIC
"Intro to Homebrewing Beer",4/25/2015,13:00,4/25/2015,13:50,FALSE,"In this panel, we'll share various styles of homebrewed beer with the participants while briefly going over the science behind brewing. Participants will then learn of the various methods, ingredients and equipment they can use to brew their own beer, gearing up for May 3rd - National Homebrew Day! 21+ please  Speakers include:Joe Rapp - Track: Food  - Duration: 50 minutes - Audio/video needs: none ","Food  

THERE IS AN END LINE IN THIS VENUE FIELD IN THE SPEADSHEET HERE

 [Room 517]",PUBLIC
