Subject,Start Date,Start Time,End Date,End Time,All Day Event,Description,Location,Private
"Crappy Floors: Turning Lemons into Lemonade",4/26/2015,10:00,4/26/2015,10:50,FALSE,"How to turn stained and damaged wooden floors into beauties. We will show how to strip, repair, design, layout, artistically stain, and refinish them into works of art at your feet.  Speakers include:Kathi Gagen, John D. Bell - Track: DIY  - Duration: 50 minutes - Audio/video needs: Projector ","Charlevoix C",PUBLIC
"Penguicon Robot Build",4/25/2015,12:00,4/25/2015,16:50,FALSE,"Come help design and build a robot during the convention. Donations may be accepted depending on the robot design. No skill necessary to help but prior experience would be useful. Useful skills include familiarity with microcontrollers, structural design, costume design, programming, graphic design, and logic!  Speakers include:James Hice, John D. Bell - Track: DIY, Costuming  - Duration: 4 hours and 50 minutes - Audio/video needs: none ","Maker Space [Board of Directors]",PUBLIC
"Building the "Great Beast of Malvern"",4/25/2015,17:00,4/25/2015,17:50,FALSE,"One of us needed a new computer. One of us kicked off the campaign to fund it. One of us assembled the massive system. One of us installed the software. We were never all in the same place at the same time. All of us blogged about it, and had a great time with the whole folderol. Come hear how Eric 'esr' Raymond got his monster machine, with 'a little help from his friends' scattered all over the Internet.  Speakers include:Eric Raymond, Wendell Wilson, John D. Bell - Track: Tech, DIY  - Duration: 50 minutes - Audio/video needs: Projector ","Algonquin D",PUBLIC
"Crappy Floors: Turning Lemons into Lemonade",4/26/2015,10:00,4/26/2015,10:50,FALSE,"How to turn stained and damaged wooden floors into beauties. We will show how to strip, repair, design, layout, artistically stain, and refinish them into works of art at your feet.  Speakers include:Kathi Gagen, John D. Bell - Track: DIY  - Duration: 50 minutes - Audio/video needs: Projector ","Charlevoix C",PUBLIC
"Become a Greybeard Sysadmin",4/26/2015,13:00,4/26/2015,13:50,FALSE,"Most systems administrators must find their own career path, but it's a lot easier if you take advantage of those who have gone before you. This panel discussion between three systems administrators who have been in the business for decades will cover how the business has changed, how we expect it to change, how to expand your skills, and what you can do to take your systems administration career to the next level. Come learn from our mistakes. You don't have time to make them all on your own.  Speakers include:Ethan Dicks, John D. Bell, Craig Maloney - Track: Tech  - Duration: 50 minutes - Audio/video needs: none ","Board of Governors",PUBLIC
