Subject,Start Date,Start Time,End Date,End Time,All Day Event,Description,Location,Private
"LIVE PODCAST: Demon Lobster Presents 'Sanity Claws Radio!'",4/24/2015,21:00,4/24/2015,23:50,FALSE,"Sanity Claws Radio is a Detroit-based podcast that covers the gamut of nerd culture! From videogames to fancy craft beers to boardgames, the crew of Sanity Claws Radio just loves to share in a good time. Please join them for this live and interactive radio show featuring our audience participation Q and A game called, 'I Can Top That!' It should be noted that Sanity Claws Radio is not above plying the audience with prizes. Come and let your inner nerd be heard with Sanity Claws Radio!  Speakers include:Scott Markwart, Jon Hickey, Steve Licavoli, Karen Quinn, Zac Cieslinski - Track: Life  - Duration: 2 hours and 50 minutes - Audio/video needs: Projector ","Nicolet",PUBLIC
"So You Want to Yell at the Internet... Do it Through a Podcast!",4/25/2015,14:00,4/25/2015,15:50,FALSE,"Think you're hilarious? Have opinions that the world HAS to hear? Have a hobby that you would like to share with others through internet audio? Then it's time to podcast! Learn how to yell at the internet with the cast of Demon Lobster and Drunk S&M! Mature language warning!  Speakers include:Shannon Marshall, Maggie Maiville, Jon Hickey, Scott Markwart, Steve Licavoli, Karen Quinn, Badger - Track: Tech  - Duration: 1 hour and 50 minutes - Audio/video needs: none ","Windover",PUBLIC
"So You Want to Yell at the Internet... Do it Through a Podcast!",4/25/2015,14:00,4/25/2015,15:50,FALSE,"Think you're hilarious? Have opinions that the world HAS to hear? Have a hobby that you would like to share with others through internet audio? Then it's time to podcast! Learn how to yell at the internet with the cast of Demon Lobster and Drunk S&M! Mature language warning!  Speakers include:Shannon Marshall, Maggie Maiville, Jon Hickey, Scott Markwart, Steve Licavoli, Karen Quinn, Badger - Track: Tech  - Duration: 1 hour and 50 minutes - Audio/video needs: none ","Windover",PUBLIC
"So You Want to Yell at the Internet... Do it Through a Podcast!",4/25/2015,14:00,4/25/2015,15:50,FALSE,"Think you're hilarious? Have opinions that the world HAS to hear? Have a hobby that you would like to share with others through internet audio? Then it's time to podcast! Learn how to yell at the internet with the cast of Demon Lobster and Drunk S&M! Mature language warning!  Speakers include:Shannon Marshall, Maggie Maiville, Jon Hickey, Scott Markwart, Steve Licavoli, Karen Quinn, Badger - Track: Tech  - Duration: 1 hour and 50 minutes - Audio/video needs: none ","Windover",PUBLIC
"Demon Lobster Presents 'Super Smash Bros. Community Let's Play!'",4/26/2015,11:00,4/26/2015,13:50,FALSE,"Have you ever wanted to participate in a Let's Play? Or are you just looking for some chaotic video game fun? Join the crews from Demon Lobster and PlayWhatNow? for a rousing evening of 8-player Super Smash Bros. on the WiiU! For added fun, we'll be recording the gameplay and filming video to compile a Let's Play featuring the Penguicon community! Everyone is welcome for a fun evening of gaming and hilarity.  Speakers include:Scott Markwart, Jon Hickey - Track: Videogaming  - Duration: 2 hours and 50 minutes - Audio/video needs: Projector ","Montcalm",PUBLIC
"Demon Lobster Presents 'Super Smash Bros. Community Let's Play!'",4/26/2015,11:00,4/26/2015,13:50,FALSE,"Have you ever wanted to participate in a Let's Play? Or are you just looking for some chaotic video game fun? Join the crews from Demon Lobster and PlayWhatNow? for a rousing evening of 8-player Super Smash Bros. on the WiiU! For added fun, we'll be recording the gameplay and filming video to compile a Let's Play featuring the Penguicon community! Everyone is welcome for a fun evening of gaming and hilarity.  Speakers include:Scott Markwart, Jon Hickey - Track: Videogaming  - Duration: 2 hours and 50 minutes - Audio/video needs: Projector ","Montcalm",PUBLIC
"LIVE PODCAST: Demon Lobster Presents 'Sanity Claws Radio!'",4/24/2015,21:00,4/24/2015,23:50,FALSE,"Sanity Claws Radio is a Detroit-based podcast that covers the gamut of nerd culture! From videogames to fancy craft beers to boardgames, the crew of Sanity Claws Radio just loves to share in a good time. Please join them for this live and interactive radio show featuring our audience participation Q and A game called, 'I Can Top That!' It should be noted that Sanity Claws Radio is not above plying the audience with prizes. Come and let your inner nerd be heard with Sanity Claws Radio!  Speakers include:Scott Markwart, Jon Hickey, Steve Licavoli, Karen Quinn, Zac Cieslinski - Track: Life  - Duration: 2 hours and 50 minutes - Audio/video needs: Projector ","Nicolet",PUBLIC
"Demon Lobster Presents 'Super Smash Bros. Community Let's Play!'",4/26/2015,11:00,4/26/2015,13:50,FALSE,"Have you ever wanted to participate in a Let's Play? Or are you just looking for some chaotic video game fun? Join the crews from Demon Lobster and PlayWhatNow? for a rousing evening of 8-player Super Smash Bros. on the WiiU! For added fun, we'll be recording the gameplay and filming video to compile a Let's Play featuring the Penguicon community! Everyone is welcome for a fun evening of gaming and hilarity.  Speakers include:Scott Markwart, Jon Hickey - Track: Videogaming  - Duration: 2 hours and 50 minutes - Audio/video needs: Projector ","Montcalm",PUBLIC
"Demon Lobster Presents 'Super Smash Bros. Community Let's Play!'",4/26/2015,11:00,4/26/2015,13:50,FALSE,"Have you ever wanted to participate in a Let's Play? Or are you just looking for some chaotic video game fun? Join the crews from Demon Lobster and PlayWhatNow? for a rousing evening of 8-player Super Smash Bros. on the WiiU! For added fun, we'll be recording the gameplay and filming video to compile a Let's Play featuring the Penguicon community! Everyone is welcome for a fun evening of gaming and hilarity.  Speakers include:Scott Markwart, Jon Hickey - Track: Videogaming  - Duration: 2 hours and 50 minutes - Audio/video needs: Projector ","Montcalm",PUBLIC
"Demon Lobster Presents 'Super Smash Bros. Community Let's Play!'",4/26/2015,11:00,4/26/2015,13:50,FALSE,"Have you ever wanted to participate in a Let's Play? Or are you just looking for some chaotic video game fun? Join the crews from Demon Lobster and PlayWhatNow? for a rousing evening of 8-player Super Smash Bros. on the WiiU! For added fun, we'll be recording the gameplay and filming video to compile a Let's Play featuring the Penguicon community! Everyone is welcome for a fun evening of gaming and hilarity.  Speakers include:Scott Markwart, Jon Hickey - Track: Videogaming  - Duration: 2 hours and 50 minutes - Audio/video needs: Projector ","Montcalm",PUBLIC
"So You Want to Yell at the Internet... Do it Through a Podcast!",4/25/2015,14:00,4/25/2015,15:50,FALSE,"Think you're hilarious? Have opinions that the world HAS to hear? Have a hobby that you would like to share with others through internet audio? Then it's time to podcast! Learn how to yell at the internet with the cast of Demon Lobster and Drunk S&M! Mature language warning!  Speakers include:Shannon Marshall, Maggie Maiville, Jon Hickey, Scott Markwart, Steve Licavoli, Karen Quinn, Badger - Track: Tech  - Duration: 1 hour and 50 minutes - Audio/video needs: none ","Windover",PUBLIC
"Demon Lobster Presents 'Super Smash Bros. Community Let's Play!'",4/26/2015,11:00,4/26/2015,13:50,FALSE,"Have you ever wanted to participate in a Let's Play? Or are you just looking for some chaotic video game fun? Join the crews from Demon Lobster and PlayWhatNow? for a rousing evening of 8-player Super Smash Bros. on the WiiU! For added fun, we'll be recording the gameplay and filming video to compile a Let's Play featuring the Penguicon community! Everyone is welcome for a fun evening of gaming and hilarity.  Speakers include:Scott Markwart, Jon Hickey - Track: Videogaming  - Duration: 2 hours and 50 minutes - Audio/video needs: Projector ","Montcalm",PUBLIC
