Subject,Start Date,Start Time,End Date,End Time,All Day Event,Description,Location,Private
"Maria DB and Ubuntu Cloud",4/25/2015,13:00,4/25/2015,13:50,FALSE,"This workshop will get into some of the nitty gritty details of deploying MariaDB in a cloud. We'll be
deploying to Amazon Web Services and Azure with multiple node configurations, including load balanced master/slave clusters with monitoring.  Speakers include:Colin Charles, 
Jorge Castro - Track: Tech  - Duration: 50 minutes - Audio/video needs: Projector ","Algonquin B",PUBLIC
"Juju: Automate Your Cloud or Home Infrastructure",4/25/2015,17:00,4/25/2015,17:50,FALSE,"Configure, manage, maintain, deploy and scale efficiently with best-practice Charms on any public, private or hybrid cloud from a powerful GUI or the command-line.  Speakers include:Jorge Castro, Mark Ramm - Track: Tech  - Duration: 50 minutes - Audio/video needs: Projector ","Algonquin B",PUBLIC
