Subject,Start Date,Start Time,End Date,End Time,All Day Event,Description,Location,Private
"DJ Set: Justin Alex",4/24/2015,21:00,4/24/2015,21:50,FALSE,"Come kick off our Friday night DJ sets wit Justin Alex as he spins his nerd themed mixed genre set of electro, house, dub, trap, jungle, happy hardcore, and trance!  Speakers include:Justin Alex - Track: Music  - Duration: 50 minutes - Audio/video needs: none ","Charlevoix A",PUBLIC
"DJ Set: Justin Alex",4/24/2015,21:00,4/24/2015,21:50,FALSE,"Come kick off our Friday night DJ sets wit Justin Alex as he spins his nerd themed mixed genre set of electro, house, dub, trap, jungle, happy hardcore, and trance!  Speakers include:Justin Alex - Track: Music  - Duration: 50 minutes - Audio/video needs: none ","Charlevoix A",PUBLIC
"DJ Set: Justin Alex",4/24/2015,21:00,4/24/2015,21:50,FALSE,"Come kick off our Friday night DJ sets wit Justin Alex as he spins his nerd themed mixed genre set of electro, house, dub, trap, jungle, happy hardcore, and trance!  Speakers include:Justin Alex - Track: Music  - Duration: 50 minutes - Audio/video needs: none ","Charlevoix A",PUBLIC
"DJ Set: Justin Alex",4/24/2015,21:00,4/24/2015,21:50,FALSE,"Come kick off our Friday night DJ sets wit Justin Alex as he spins his nerd themed mixed genre set of electro, house, dub, trap, jungle, happy hardcore, and trance!  Speakers include:Justin Alex - Track: Music  - Duration: 50 minutes - Audio/video needs: none ","Charlevoix A",PUBLIC
"DJ Set: Justin Alex",4/24/2015,21:00,4/24/2015,21:50,FALSE,"Come kick off our Friday night DJ sets wit Justin Alex as he spins his nerd themed mixed genre set of electro, house, dub, trap, jungle, happy hardcore, and trance!  Speakers include:Justin Alex - Track: Music  - Duration: 50 minutes - Audio/video needs: none ","Charlevoix A",PUBLIC
"DJ Set: Justin Alex",4/24/2015,21:00,4/24/2015,21:50,FALSE,"Come kick off our Friday night DJ sets wit Justin Alex as he spins his nerd themed mixed genre set of electro, house, dub, trap, jungle, happy hardcore, and trance!  Speakers include:Justin Alex - Track: Music  - Duration: 50 minutes - Audio/video needs: none ","Charlevoix A",PUBLIC
