Subject,Start Date,Start Time,End Date,End Time,All Day Event,Description,Location,Private
"E-Books: An Examination of the Current State of Digital Publishing",4/26/2015,9:00,4/26/2015,9:50,FALSE,"Years ago there was a panel at Penguicon about the rise of the e-reader and what it meant for the world of publishing. It’s safe to say that digital reading is not going to be a passing fad, but it does not appear to be the death of paper publishing that it was once seen to be. The panel will examine how things have changed for authors, readers, and publishers and how things have stayed the same. While we may examine the Hatchette vs Amazon debate, it will be in terms of how it has affected things, not taking sides.  Speakers include:Mary Lynne Gibbs, Sean M. Davis, Karl Schroeder - Track: Literature  - Duration: 50 minutes - Audio/video needs: none ","Algonquin C",PUBLIC
"E-Books: An Examination of the Current State of Digital Publishing",4/26/2015,9:00,4/26/2015,9:50,FALSE,"Years ago there was a panel at Penguicon about the rise of the e-reader and what it meant for the world of publishing. It’s safe to say that digital reading is not going to be a passing fad, but it does not appear to be the death of paper publishing that it was once seen to be. The panel will examine how things have changed for authors, readers, and publishers and how things have stayed the same. While we may examine the Hatchette vs Amazon debate, it will be in terms of how it has affected things, not taking sides.  Speakers include:Mary Lynne Gibbs, Sean M. Davis, Karl Schroeder - Track: Literature  - Duration: 50 minutes - Audio/video needs: none ","Algonquin C",PUBLIC
"Author Reading: Skeeter Enright and Karl Schroeder",4/24/2015,20:00,4/24/2015,20:50,FALSE,"Come and listen to GoH Emeritus Karl Schroeder and literature panelist Skeeter Enright read from their latest works and discuss everything from science-fiction to non-fiction.   Speakers include:Skeeter Enright, Karl Schroeder - Track: Literature  - Duration: 50 minutes - Audio/video needs: none ","Hamlin",PUBLIC
"Science Fiction is Now Science Reality",4/26/2015,13:00,4/26/2015,13:50,FALSE,"Science fiction authors have been writing about futuristic concepts for longer than any of us can remember. Moore's law, though, has us flying into the future at speeds faster than what any of us have previously comprehended. Things only imagined by creative minds are coming to reality in exciting, and sometimes terrifying ways. Come join some authors and technologists as they talk about science fiction themes that are now a reality and what's coming next!  Speakers include:Annalee Newitz, Ed Mason, Karl Schroeder, Charlie Jane Anders, Jen Haeger - Track: Science, Literature  - Duration: 50 minutes - Audio/video needs: none ","Windover",PUBLIC
"E-Books: An Examination of the Current State of Digital Publishing",4/26/2015,9:00,4/26/2015,9:50,FALSE,"Years ago there was a panel at Penguicon about the rise of the e-reader and what it meant for the world of publishing. It’s safe to say that digital reading is not going to be a passing fad, but it does not appear to be the death of paper publishing that it was once seen to be. The panel will examine how things have changed for authors, readers, and publishers and how things have stayed the same. While we may examine the Hatchette vs Amazon debate, it will be in terms of how it has affected things, not taking sides.  Speakers include:Mary Lynne Gibbs, Sean M. Davis, Karl Schroeder - Track: Literature  - Duration: 50 minutes - Audio/video needs: none ","Algonquin C",PUBLIC
"E-Books: An Examination of the Current State of Digital Publishing",4/26/2015,9:00,4/26/2015,9:50,FALSE,"Years ago there was a panel at Penguicon about the rise of the e-reader and what it meant for the world of publishing. It’s safe to say that digital reading is not going to be a passing fad, but it does not appear to be the death of paper publishing that it was once seen to be. The panel will examine how things have changed for authors, readers, and publishers and how things have stayed the same. While we may examine the Hatchette vs Amazon debate, it will be in terms of how it has affected things, not taking sides.  Speakers include:Mary Lynne Gibbs, Sean M. Davis, Karl Schroeder - Track: Literature  - Duration: 50 minutes - Audio/video needs: none ","Algonquin C",PUBLIC
"Science Fiction is Now Science Reality",4/26/2015,13:00,4/26/2015,13:50,FALSE,"Science fiction authors have been writing about futuristic concepts for longer than any of us can remember. Moore's law, though, has us flying into the future at speeds faster than what any of us have previously comprehended. Things only imagined by creative minds are coming to reality in exciting, and sometimes terrifying ways. Come join some authors and technologists as they talk about science fiction themes that are now a reality and what's coming next!  Speakers include:Annalee Newitz, Ed Mason, Karl Schroeder, Charlie Jane Anders, Jen Haeger - Track: Science, Literature  - Duration: 50 minutes - Audio/video needs: none ","Windover",PUBLIC
"The Ethics of AI",4/25/2015,9:00,4/25/2015,9:50,FALSE,"If we develop an artificial intelligence that talks like a human, thinks like a human, and acts like a human, it will be fair to expect it to abide by the same social contract as a human. The problem is that if Artificial Intelligence comes to pass it is very unlikely that it will be anything like a human. This brings us to the very hazy area of the ethics surrounding AI. What rules do we have a right to enforce on a living entity that is nothing like us? How dangerous is it to develop something that we will not be able to fully understand and will be able to think a lot faster than us? What if AI is actually kind of dumb?  Speakers include:Samuel Hansen, Jennifer Marsman, Karl Schroeder - Track: Science, Tech  - Duration: 50 minutes - Audio/video needs: none ","Windover",PUBLIC
"Science Fiction is Now Science Reality",4/26/2015,13:00,4/26/2015,13:50,FALSE,"Science fiction authors have been writing about futuristic concepts for longer than any of us can remember. Moore's law, though, has us flying into the future at speeds faster than what any of us have previously comprehended. Things only imagined by creative minds are coming to reality in exciting, and sometimes terrifying ways. Come join some authors and technologists as they talk about science fiction themes that are now a reality and what's coming next!  Speakers include:Annalee Newitz, Ed Mason, Karl Schroeder, Charlie Jane Anders, Jen Haeger - Track: Science, Literature  - Duration: 50 minutes - Audio/video needs: none ","Windover",PUBLIC
"E-Books: An Examination of the Current State of Digital Publishing",4/26/2015,9:00,4/26/2015,9:50,FALSE,"Years ago there was a panel at Penguicon about the rise of the e-reader and what it meant for the world of publishing. It’s safe to say that digital reading is not going to be a passing fad, but it does not appear to be the death of paper publishing that it was once seen to be. The panel will examine how things have changed for authors, readers, and publishers and how things have stayed the same. While we may examine the Hatchette vs Amazon debate, it will be in terms of how it has affected things, not taking sides.  Speakers include:Mary Lynne Gibbs, Sean M. Davis, Karl Schroeder - Track: Literature  - Duration: 50 minutes - Audio/video needs: none ","Algonquin C",PUBLIC
"Making the Fantastic Believable",4/25/2015,13:00,4/25/2015,13:50,FALSE,"Ghosts, lycanthropes, robots, elves, even vampires that sparkle in the sunlight, what does it take to make the utterly fantastic believable to your readers? The panel will discuss the research and decision process which goes into making good (or in some cases ridiculous) characters.  Speakers include:Michael Cieslak, Sarah Hans, Steven Saus, Skeeter Enright, Christian Klaver, Karl Schroeder - Track: Literature  - Duration: 50 minutes - Audio/video needs: none ","Hamlin",PUBLIC
"Science Fiction is Now Science Reality",4/26/2015,13:00,4/26/2015,13:50,FALSE,"Science fiction authors have been writing about futuristic concepts for longer than any of us can remember. Moore's law, though, has us flying into the future at speeds faster than what any of us have previously comprehended. Things only imagined by creative minds are coming to reality in exciting, and sometimes terrifying ways. Come join some authors and technologists as they talk about science fiction themes that are now a reality and what's coming next!  Speakers include:Annalee Newitz, Ed Mason, Karl Schroeder, Charlie Jane Anders, Jen Haeger - Track: Science, Literature  - Duration: 50 minutes - Audio/video needs: none ","Windover",PUBLIC
"Science Fiction is Now Science Reality",4/26/2015,13:00,4/26/2015,13:50,FALSE,"Science fiction authors have been writing about futuristic concepts for longer than any of us can remember. Moore's law, though, has us flying into the future at speeds faster than what any of us have previously comprehended. Things only imagined by creative minds are coming to reality in exciting, and sometimes terrifying ways. Come join some authors and technologists as they talk about science fiction themes that are now a reality and what's coming next!  Speakers include:Annalee Newitz, Ed Mason, Karl Schroeder, Charlie Jane Anders, Jen Haeger - Track: Science, Literature  - Duration: 50 minutes - Audio/video needs: none ","Windover",PUBLIC
"E-Books: An Examination of the Current State of Digital Publishing",4/26/2015,9:00,4/26/2015,9:50,FALSE,"Years ago there was a panel at Penguicon about the rise of the e-reader and what it meant for the world of publishing. It’s safe to say that digital reading is not going to be a passing fad, but it does not appear to be the death of paper publishing that it was once seen to be. The panel will examine how things have changed for authors, readers, and publishers and how things have stayed the same. While we may examine the Hatchette vs Amazon debate, it will be in terms of how it has affected things, not taking sides.  Speakers include:Mary Lynne Gibbs, Sean M. Davis, Karl Schroeder - Track: Literature  - Duration: 50 minutes - Audio/video needs: none ","Algonquin C",PUBLIC
"Science Fiction is Now Science Reality",4/26/2015,13:00,4/26/2015,13:50,FALSE,"Science fiction authors have been writing about futuristic concepts for longer than any of us can remember. Moore's law, though, has us flying into the future at speeds faster than what any of us have previously comprehended. Things only imagined by creative minds are coming to reality in exciting, and sometimes terrifying ways. Come join some authors and technologists as they talk about science fiction themes that are now a reality and what's coming next!  Speakers include:Annalee Newitz, Ed Mason, Karl Schroeder, Charlie Jane Anders, Jen Haeger - Track: Science, Literature  - Duration: 50 minutes - Audio/video needs: none ","Windover",PUBLIC
