Subject,Start Date,Start Time,End Date,End Time,All Day Event,Description,Location,Private
"Crappy Floors: Turning Lemons into Lemonade",4/26/2015,10:00,4/26/2015,10:50,FALSE,"How to turn stained and damaged wooden floors into beauties. We will show how to strip, repair, design, layout, artistically stain, and refinish them into works of art at your feet.  Speakers include:Kathi Gagen, John D. Bell - Track: DIY  - Duration: 50 minutes - Audio/video needs: Projector ","Charlevoix C",PUBLIC
"Crappy Floors: Turning Lemons into Lemonade",4/26/2015,10:00,4/26/2015,10:50,FALSE,"How to turn stained and damaged wooden floors into beauties. We will show how to strip, repair, design, layout, artistically stain, and refinish them into works of art at your feet.  Speakers include:Kathi Gagen, John D. Bell - Track: DIY  - Duration: 50 minutes - Audio/video needs: Projector ","Charlevoix C",PUBLIC
"Crappy Floors: Turning Lemons into Lemonade",4/26/2015,10:00,4/26/2015,10:50,FALSE,"How to turn stained and damaged wooden floors into beauties. We will show how to strip, repair, design, layout, artistically stain, and refinish them into works of art at your feet.  Speakers include:Kathi Gagen, John D. Bell - Track: DIY  - Duration: 50 minutes - Audio/video needs: Projector ","Charlevoix C",PUBLIC
"Crappy Floors: Turning Lemons into Lemonade",4/26/2015,10:00,4/26/2015,10:50,FALSE,"How to turn stained and damaged wooden floors into beauties. We will show how to strip, repair, design, layout, artistically stain, and refinish them into works of art at your feet.  Speakers include:Kathi Gagen, John D. Bell - Track: DIY  - Duration: 50 minutes - Audio/video needs: Projector ","Charlevoix C",PUBLIC
"Crappy Floors: Turning Lemons into Lemonade",4/26/2015,10:00,4/26/2015,10:50,FALSE,"How to turn stained and damaged wooden floors into beauties. We will show how to strip, repair, design, layout, artistically stain, and refinish them into works of art at your feet.  Speakers include:Kathi Gagen, John D. Bell - Track: DIY  - Duration: 50 minutes - Audio/video needs: Projector ","Charlevoix C",PUBLIC
"Crappy Floors: Turning Lemons into Lemonade",4/26/2015,10:00,4/26/2015,10:50,FALSE,"How to turn stained and damaged wooden floors into beauties. We will show how to strip, repair, design, layout, artistically stain, and refinish them into works of art at your feet.  Speakers include:Kathi Gagen, John D. Bell - Track: DIY  - Duration: 50 minutes - Audio/video needs: Projector ","Charlevoix C",PUBLIC
