Subject,Start Date,Start Time,End Date,End Time,All Day Event,Description,Location,Private
"SCA Fencing Demo",4/26/2015,14:00,4/26/2015,15:50,FALSE,"Come learn about fencing done through the Society for Creative Anachronism (SCA)! The SCA is a practical historical group that strives to learn about and recreate the arts and sciences of pre-17th century life. Learn how to fence with one sword, two swords, bucklers, cloaks, and more!  Speakers include:Kell Carnahan - Track: Action Adventure  - Duration: 1 hour and 50 minutes - Audio/video needs: none ","Algonquin A",PUBLIC
"SCA Fencing Demo",4/26/2015,14:00,4/26/2015,15:50,FALSE,"Come learn about fencing done through the Society for Creative Anachronism (SCA)! The SCA is a practical historical group that strives to learn about and recreate the arts and sciences of pre-17th century life. Learn how to fence with one sword, two swords, bucklers, cloaks, and more!  Speakers include:Kell Carnahan - Track: Action Adventure  - Duration: 1 hour and 50 minutes - Audio/video needs: none ","Algonquin A",PUBLIC
"SCA Fencing Demo",4/26/2015,14:00,4/26/2015,15:50,FALSE,"Come learn about fencing done through the Society for Creative Anachronism (SCA)! The SCA is a practical historical group that strives to learn about and recreate the arts and sciences of pre-17th century life. Learn how to fence with one sword, two swords, bucklers, cloaks, and more!  Speakers include:Kell Carnahan - Track: Action Adventure  - Duration: 1 hour and 50 minutes - Audio/video needs: none ","Algonquin A",PUBLIC
"SCA Fencing Demo",4/26/2015,14:00,4/26/2015,15:50,FALSE,"Come learn about fencing done through the Society for Creative Anachronism (SCA)! The SCA is a practical historical group that strives to learn about and recreate the arts and sciences of pre-17th century life. Learn how to fence with one sword, two swords, bucklers, cloaks, and more!  Speakers include:Kell Carnahan - Track: Action Adventure  - Duration: 1 hour and 50 minutes - Audio/video needs: none ","Algonquin A",PUBLIC
"SCA Fencing Demo",4/26/2015,14:00,4/26/2015,15:50,FALSE,"Come learn about fencing done through the Society for Creative Anachronism (SCA)! The SCA is a practical historical group that strives to learn about and recreate the arts and sciences of pre-17th century life. Learn how to fence with one sword, two swords, bucklers, cloaks, and more!  Speakers include:Kell Carnahan - Track: Action Adventure  - Duration: 1 hour and 50 minutes - Audio/video needs: none ","Algonquin A",PUBLIC
"SCA Fencing Demo",4/26/2015,14:00,4/26/2015,15:50,FALSE,"Come learn about fencing done through the Society for Creative Anachronism (SCA)! The SCA is a practical historical group that strives to learn about and recreate the arts and sciences of pre-17th century life. Learn how to fence with one sword, two swords, bucklers, cloaks, and more!  Speakers include:Kell Carnahan - Track: Action Adventure  - Duration: 1 hour and 50 minutes - Audio/video needs: none ","Algonquin A",PUBLIC
