Subject,Start Date,Start Time,End Date,End Time,All Day Event,Description,Location,Private
"Author Reading: Nicole Castle and Ken MacGregor",4/26/2015,12:00,4/26/2015,12:50,FALSE,"Come and listen to two masters of the modern horror story read and discuss their latest works.  Speakers include:Nicole Castle, Ken MacGregor - Track: Literature  - Duration: 50 minutes - Audio/video needs: none ","Hamlin",PUBLIC
"Rejection: Dealing with the Dark Side of a Creative Life",4/25/2015,17:00,4/25/2015,17:50,FALSE,"For every book that is accepted, painting that is sold, or movie that is made, there are a slew which are not. The panel of artists from various disciplines will share their mechanisms for coping with rejection and relate what they do to keep pressing on.  Speakers include:Patty Templeton, Rachael Acks, Mary Lynne Gibbs, Sarah Hans, Ken MacGregor, Skeeter Enright, Steven Saus, Jim Leach - Track: Literature, Life, Music, Film  - Duration: 50 minutes - Audio/video needs: none ","Board of Governors",PUBLIC
"You Can't Kill The Undead",4/25/2015,21:00,4/25/2015,21:50,FALSE,"Year after year we wonder if this will be the year that people get sick of zombies and vampires. Year after year we get a resounding no from the audience. Join us as we explore the most recent explorations of the undead and brainstorm with us, wondering what may be on the horizon: angels, ghosts, demons?  Speakers include:Nicole Castle, Mary Lynne Gibbs, Michael Cieslak, Sarah Hans, Ken MacGregor, Steven Saus, Sean M. Davis - Track: Literature  - Duration: 50 minutes - Audio/video needs: none ","Board of Governors",PUBLIC
"Author Reading: Nicole Castle and Ken MacGregor",4/26/2015,12:00,4/26/2015,12:50,FALSE,"Come and listen to two masters of the modern horror story read and discuss their latest works.  Speakers include:Nicole Castle, Ken MacGregor - Track: Literature  - Duration: 50 minutes - Audio/video needs: none ","Hamlin",PUBLIC
