Subject,Start Date,Start Time,End Date,End Time,All Day Event,Description,Location,Private
"Women in STEM Meetup",4/25/2015,19:00,4/25/2015,20:50,FALSE,"Enjoy a glass of wine and conversation with your peers about the issues, victories, and conflicts that face women in STEM careers. Find us in the small room at the back of the restaurant!  Speakers include:Leah Rapp, Erika Carlson, Cassy Sinke - Track: Tech  - Duration: 1 hour and 50 minutes - Audio/video needs: none ","Restaurant",PUBLIC
"Women in STEM Meetup",4/25/2015,19:00,4/25/2015,20:50,FALSE,"Enjoy a glass of wine and conversation with your peers about the issues, victories, and conflicts that face women in STEM careers. Find us in the small room at the back of the restaurant!  Speakers include:Leah Rapp, Erika Carlson, Cassy Sinke - Track: Tech  - Duration: 1 hour and 50 minutes - Audio/video needs: none ","Restaurant",PUBLIC
"Women in STEM Meetup",4/25/2015,19:00,4/25/2015,20:50,FALSE,"Enjoy a glass of wine and conversation with your peers about the issues, victories, and conflicts that face women in STEM careers. Find us in the small room at the back of the restaurant!  Speakers include:Leah Rapp, Erika Carlson, Cassy Sinke - Track: Tech  - Duration: 1 hour and 50 minutes - Audio/video needs: none ","Restaurant",PUBLIC
"Women in STEM Meetup",4/25/2015,19:00,4/25/2015,20:50,FALSE,"Enjoy a glass of wine and conversation with your peers about the issues, victories, and conflicts that face women in STEM careers. Find us in the small room at the back of the restaurant!  Speakers include:Leah Rapp, Erika Carlson, Cassy Sinke - Track: Tech  - Duration: 1 hour and 50 minutes - Audio/video needs: none ","Restaurant",PUBLIC
"Women in STEM Meetup",4/25/2015,19:00,4/25/2015,20:50,FALSE,"Enjoy a glass of wine and conversation with your peers about the issues, victories, and conflicts that face women in STEM careers. Find us in the small room at the back of the restaurant!  Speakers include:Leah Rapp, Erika Carlson, Cassy Sinke - Track: Tech  - Duration: 1 hour and 50 minutes - Audio/video needs: none ","Restaurant",PUBLIC
"Women in STEM Meetup",4/25/2015,19:00,4/25/2015,20:50,FALSE,"Enjoy a glass of wine and conversation with your peers about the issues, victories, and conflicts that face women in STEM careers. Find us in the small room at the back of the restaurant!  Speakers include:Leah Rapp, Erika Carlson, Cassy Sinke - Track: Tech  - Duration: 1 hour and 50 minutes - Audio/video needs: none ","Restaurant",PUBLIC
