Subject,Start Date,Start Time,End Date,End Time,All Day Event,Description,Location,Private
"Flavored Popcorn!",4/24/2015,18:00,4/24/2015,20:50,FALSE,"Learn how to mix ingredients and seasonings to make various flavors of popcorn in this three-hour drop-in demo. Flavors can range from the usual (salt-and-butter and carmel corn) to the more adventurous (chili garlic and sea salt and vinegar)! Come learn some tips and tricks and enjoy some tasty popcorn!  Speakers include:Marcus Hauser - Track: Food  - Duration: 2 hours and 50 minutes - Audio/video needs: none ","Food [Room 1017]",PUBLIC
"Flavored Popcorn!",4/24/2015,18:00,4/24/2015,20:50,FALSE,"Learn how to mix ingredients and seasonings to make various flavors of popcorn in this three-hour drop-in demo. Flavors can range from the usual (salt-and-butter and carmel corn) to the more adventurous (chili garlic and sea salt and vinegar)! Come learn some tips and tricks and enjoy some tasty popcorn!  Speakers include:Marcus Hauser - Track: Food  - Duration: 2 hours and 50 minutes - Audio/video needs: none ","Food [Room 1017]",PUBLIC
"Flavored Popcorn!",4/24/2015,18:00,4/24/2015,20:50,FALSE,"Learn how to mix ingredients and seasonings to make various flavors of popcorn in this three-hour drop-in demo. Flavors can range from the usual (salt-and-butter and carmel corn) to the more adventurous (chili garlic and sea salt and vinegar)! Come learn some tips and tricks and enjoy some tasty popcorn!  Speakers include:Marcus Hauser - Track: Food  - Duration: 2 hours and 50 minutes - Audio/video needs: none ","Food [Room 1017]",PUBLIC
"Flavored Popcorn!",4/24/2015,18:00,4/24/2015,20:50,FALSE,"Learn how to mix ingredients and seasonings to make various flavors of popcorn in this three-hour drop-in demo. Flavors can range from the usual (salt-and-butter and carmel corn) to the more adventurous (chili garlic and sea salt and vinegar)! Come learn some tips and tricks and enjoy some tasty popcorn!  Speakers include:Marcus Hauser - Track: Food  - Duration: 2 hours and 50 minutes - Audio/video needs: none ","Food [Room 1017]",PUBLIC
"Flavored Popcorn!",4/24/2015,18:00,4/24/2015,20:50,FALSE,"Learn how to mix ingredients and seasonings to make various flavors of popcorn in this three-hour drop-in demo. Flavors can range from the usual (salt-and-butter and carmel corn) to the more adventurous (chili garlic and sea salt and vinegar)! Come learn some tips and tricks and enjoy some tasty popcorn!  Speakers include:Marcus Hauser - Track: Food  - Duration: 2 hours and 50 minutes - Audio/video needs: none ","Food [Room 1017]",PUBLIC
"Flavored Popcorn!",4/24/2015,18:00,4/24/2015,20:50,FALSE,"Learn how to mix ingredients and seasonings to make various flavors of popcorn in this three-hour drop-in demo. Flavors can range from the usual (salt-and-butter and carmel corn) to the more adventurous (chili garlic and sea salt and vinegar)! Come learn some tips and tricks and enjoy some tasty popcorn!  Speakers include:Marcus Hauser - Track: Food  - Duration: 2 hours and 50 minutes - Audio/video needs: none ","Food [Room 1017]",PUBLIC
