Subject,Start Date,Start Time,End Date,End Time,All Day Event,Description,Location,Private
"Combat Taiji Class",4/25/2015,19:00,4/25/2015,19:50,FALSE,"Taiji (or 'tai chi') is often studied for its health benefits, but it's originally a combative martial art. Come learn some of the basic motions and exercises of Chen Taiji, one of the styles that's still used and taught combatively; discuss how some of the principles of Taiji translate into combat; and walk away with some Internal Martial Arts conditioning exercises to incorporate in your training regimen. This class is pretty athletic! it's a beginner Taiji class but requires general fitness, and some martial arts knowledge is helpful but not required. Wear loose / workout clothing.  Spots are limited - please sign up at Ops!  Speakers include:Marie Staver - Track: Action Adventure  - Duration: 50 minutes - Audio/video needs: none ","Algonquin A",PUBLIC
"Gender Inclusion in Physical Activities",4/26/2015,13:00,4/26/2015,13:50,FALSE,"Gender segregation is often presented as necessary to support and promote female athletes. 'Separate but equal' is inherently unequal and harms the segregated by undermining their inclusion. Like all forms of segregation, gender segregation reinforces harmful stereotypes, problematic binaries, and discrimination. This panel by two female martial-arts instructors and athletes will address how physical activities can be approached to positively support the inclusion of all genders.  Speakers include:Heather Fish, Marie Staver - Track: Action Adventure  - Duration: 50 minutes - Audio/video needs: none ","Charlevoix A",PUBLIC
"How to Survive in the Corporate World When You’re Different",4/26/2015,10:00,4/26/2015,10:50,FALSE,"In many office environments, no one seems to notice your beliefs, gender preferences, hobbies or even gender, as long as you fit in with expectations. We’ll talk about how you can work in a Wonderbread office when you’re more of a spicy Rye.  Speakers include:Marie Staver - Track: Life  - Duration: 50 minutes - Audio/video needs: none ","Algonquin C",PUBLIC
"Polyphasic Sleep How-To",4/26/2015,12:00,4/26/2015,12:50,FALSE,"Many people have now heard of polyphasic sleep -- an alternative method of scheduling sleep that reduces overall sleep-need by replacing single daily blocks of sleep with more frequent short naps -- and its many benefits (and challenges!). Come talk to the current longest-running polyphasic sleeper and author of the topic's most comprehensive book for the gritty details on how to decide if it's for you, develop a schedule, prepare for the change, and get through the tricky adjustment period. Bonus discussions may include 'napping in stores without getting caught', 'how surprisingly difficult it is to fill several extra hours per day', and 'drool: social tips & tricks'.  Speakers include:Marie Staver - Track: Life  - Duration: 50 minutes - Audio/video needs: none ","Algonquin C",PUBLIC
"Qigong: How to Breathe Like a Steampunk Robot",4/24/2015,23:00,4/24/2015,23:50,FALSE,"Qigong is the art of using breath and focus to gain more direct mental access to your internal systems. Practicing it is relaxing and meditative, and getting skilled with it can help you target and relax stiff muscles, improve circulation, and accelerate healing. Come dressed in loose pyjama-type clothing to spend an hour trying it out and learning the 'steampunk robot' technique for fixing your body with your mind.  Speakers include:Marie Staver - Track: Life  - Duration: 50 minutes - Audio/video needs: none ","Algonquin A",PUBLIC
"Combat Taiji Class",4/25/2015,19:00,4/25/2015,19:50,FALSE,"Taiji (or 'tai chi') is often studied for its health benefits, but it's originally a combative martial art. Come learn some of the basic motions and exercises of Chen Taiji, one of the styles that's still used and taught combatively; discuss how some of the principles of Taiji translate into combat; and walk away with some Internal Martial Arts conditioning exercises to incorporate in your training regimen. This class is pretty athletic! it's a beginner Taiji class but requires general fitness, and some martial arts knowledge is helpful but not required. Wear loose / workout clothing.  Spots are limited - please sign up at Ops!  Speakers include:Marie Staver - Track: Action Adventure  - Duration: 50 minutes - Audio/video needs: none ","Algonquin A",PUBLIC
"How to Survive in the Corporate World When You’re Different",4/26/2015,10:00,4/26/2015,10:50,FALSE,"In many office environments, no one seems to notice your beliefs, gender preferences, hobbies or even gender, as long as you fit in with expectations. We’ll talk about how you can work in a Wonderbread office when you’re more of a spicy Rye.  Speakers include:Marie Staver - Track: Life  - Duration: 50 minutes - Audio/video needs: none ","Algonquin C",PUBLIC
"Polyphasic Sleep How-To",4/26/2015,12:00,4/26/2015,12:50,FALSE,"Many people have now heard of polyphasic sleep -- an alternative method of scheduling sleep that reduces overall sleep-need by replacing single daily blocks of sleep with more frequent short naps -- and its many benefits (and challenges!). Come talk to the current longest-running polyphasic sleeper and author of the topic's most comprehensive book for the gritty details on how to decide if it's for you, develop a schedule, prepare for the change, and get through the tricky adjustment period. Bonus discussions may include 'napping in stores without getting caught', 'how surprisingly difficult it is to fill several extra hours per day', and 'drool: social tips & tricks'.  Speakers include:Marie Staver - Track: Life  - Duration: 50 minutes - Audio/video needs: none ","Algonquin C",PUBLIC
"Gender Inclusion in Physical Activities",4/26/2015,13:00,4/26/2015,13:50,FALSE,"Gender segregation is often presented as necessary to support and promote female athletes. 'Separate but equal' is inherently unequal and harms the segregated by undermining their inclusion. Like all forms of segregation, gender segregation reinforces harmful stereotypes, problematic binaries, and discrimination. This panel by two female martial-arts instructors and athletes will address how physical activities can be approached to positively support the inclusion of all genders.  Speakers include:Heather Fish, Marie Staver - Track: Action Adventure  - Duration: 50 minutes - Audio/video needs: none ","Charlevoix A",PUBLIC
