Subject,Start Date,Start Time,End Date,End Time,All Day Event,Description,Location,Private
"Continuous Delivery: Make Software Config and Deployment Quick and Painless",4/24/2015,21:00,4/24/2015,21:50,FALSE,"We are going to explore continuous delivery as a solution to the arduous problems of configuration and deployment management. Begone long hours of painful, error-prone releases! This method should make config and deployment, painless, easy and quick. This is an intermediate level topic for those familiar with software development.  Speakers include:Mark Henke - Track: Tech  - Duration: 50 minutes - Audio/video needs: Projector ","Algonquin D",PUBLIC
"Tips and Tricks using ASP MVC 5",4/26/2015,11:00,4/26/2015,11:50,FALSE,"We will be going through some lessons learned while using Asp Mvc over the year, including tricks like metadata conventions handling validation and dealing with dropdowns.  Speakers include:Mark Henke - Track: Tech  - Duration: 50 minutes - Audio/video needs: Projector ","Algonquin D",PUBLIC
"Continuous Delivery: Make Software Config and Deployment Quick and Painless",4/24/2015,21:00,4/24/2015,21:50,FALSE,"We are going to explore continuous delivery as a solution to the arduous problems of configuration and deployment management. Begone long hours of painful, error-prone releases! This method should make config and deployment, painless, easy and quick. This is an intermediate level topic for those familiar with software development.  Speakers include:Mark Henke - Track: Tech  - Duration: 50 minutes - Audio/video needs: Projector ","Algonquin D",PUBLIC
"Tips and Tricks using ASP MVC 5",4/26/2015,11:00,4/26/2015,11:50,FALSE,"We will be going through some lessons learned while using Asp Mvc over the year, including tricks like metadata conventions handling validation and dealing with dropdowns.  Speakers include:Mark Henke - Track: Tech  - Duration: 50 minutes - Audio/video needs: Projector ","Algonquin D",PUBLIC
"Tips and Tricks using ASP MVC 5",4/26/2015,11:00,4/26/2015,11:50,FALSE,"We will be going through some lessons learned while using Asp Mvc over the year, including tricks like metadata conventions handling validation and dealing with dropdowns.  Speakers include:Mark Henke - Track: Tech  - Duration: 50 minutes - Audio/video needs: Projector ","Algonquin D",PUBLIC
"Tips and Tricks using ASP MVC 5",4/26/2015,11:00,4/26/2015,11:50,FALSE,"We will be going through some lessons learned while using Asp Mvc over the year, including tricks like metadata conventions handling validation and dealing with dropdowns.  Speakers include:Mark Henke - Track: Tech  - Duration: 50 minutes - Audio/video needs: Projector ","Algonquin D",PUBLIC
"Tips and Tricks using ASP MVC 5",4/26/2015,11:00,4/26/2015,11:50,FALSE,"We will be going through some lessons learned while using Asp Mvc over the year, including tricks like metadata conventions handling validation and dealing with dropdowns.  Speakers include:Mark Henke - Track: Tech  - Duration: 50 minutes - Audio/video needs: Projector ","Algonquin D",PUBLIC
"Tips and Tricks using ASP MVC 5",4/26/2015,11:00,4/26/2015,11:50,FALSE,"We will be going through some lessons learned while using Asp Mvc over the year, including tricks like metadata conventions handling validation and dealing with dropdowns.  Speakers include:Mark Henke - Track: Tech  - Duration: 50 minutes - Audio/video needs: Projector ","Algonquin D",PUBLIC
