Subject,Start Date,Start Time,End Date,End Time,All Day Event,Description,Location,Private
"Scriptwriting Tips",4/26/2015,11:00,4/26/2015,11:50,FALSE,"Aching to write a script for that great movie idea that's been bouncing around in your head? Come get some tips and tricks for how to get started on writing a script.  Speakers include:James Fernandez, Rachael Acks, Mary Lynne Gibbs - Track: Film  - Duration: 50 minutes - Audio/video needs: none ","Board of Governors",PUBLIC
"E-Books: An Examination of the Current State of Digital Publishing",4/26/2015,9:00,4/26/2015,9:50,FALSE,"Years ago there was a panel at Penguicon about the rise of the e-reader and what it meant for the world of publishing. It’s safe to say that digital reading is not going to be a passing fad, but it does not appear to be the death of paper publishing that it was once seen to be. The panel will examine how things have changed for authors, readers, and publishers and how things have stayed the same. While we may examine the Hatchette vs Amazon debate, it will be in terms of how it has affected things, not taking sides.  Speakers include:Mary Lynne Gibbs, Sean M. Davis - Track: Literature  - Duration: 50 minutes - Audio/video needs: none ","Algonquin C",PUBLIC
"Rejection: Dealing with the Dark Side of a Creative Life",4/25/2015,17:00,4/25/2015,17:50,FALSE,"For every book that is accepted, painting that is sold, or movie that is made, there are a slew which are not. The panel of artists from various disciplines will share their mechanisms for coping with rejection and relate what they do to keep pressing on.  Speakers include:Patty Templeton, Rachael Acks, Mary Lynne Gibbs, Sarah Hans, Ken MacGregor, Skeeter Enright, Steven Saus, Jim Leach - Track: Literature, Life, Music, Film  - Duration: 50 minutes - Audio/video needs: none ","Board of Governors",PUBLIC
"Traditional Publishing vs. Self-Publishing",4/25/2015,16:00,4/25/2015,16:50,FALSE,"What are the pros and cons of each? We all know the success stories of the rare few, but what about the heartaches? Is the goal still to just get noticed by a traditional publisher or has self-publishing gained legitimacy? The panelists will also discuss small/specialty presses.  Speakers include:Patty Templeton, Mary Lynne Gibbs, Christian Klaver - Track: Literature  - Duration: 50 minutes - Audio/video needs: none ","Hamilin",PUBLIC
"You Can't Kill The Undead",4/25/2015,21:00,4/25/2015,21:50,FALSE,"Year after year we wonder if this will be the year that people get sick of zombies and vampires. Year after year we get a resounding no from the audience. Join us as we explore the most recent explorations of the undead and brainstorm with us, wondering what may be on the horizon: angels, ghosts, demons?  Speakers include:Nicole Castle, Mary Lynne Gibbs, Michael Cieslak, Sarah Hans, Ken MacGregor, Steven Saus, Sean M. Davis - Track: Literature  - Duration: 50 minutes - Audio/video needs: none ","Board of Governors",PUBLIC
