Subject,Start Date,Start Time,End Date,End Time,All Day Event,Description,Location,Private
"Bash Scripting 201",4/24/2015,16:00,4/24/2015,16:50,FALSE,"Please join us having gone to Bash Scripting for Beginners or have equivalent knowledge.
This presentation will cover mathematics in bash, arrays, and functions.  Speakers include:Mat Enders - Track: Tech  - Duration: 50 minutes - Audio/video needs: Projector ","Charlevoix B",PUBLIC
"Bash Scripting for Beginners",4/24/2015,19:00,4/24/2015,19:50,FALSE,"The only prerequisite for this class is having seen a command prompt. We'll cover from the whole shebang through variables, conditionals, and loops.  Speakers include:Mat Enders - Track: Tech  - Duration: 50 minutes - Audio/video needs: Projector ","Charlevoix C",PUBLIC
"Using RegEx in grep",4/25/2015,18:00,4/25/2015,18:50,FALSE,"
This presentation will cover the regex available to you with the -E flag in grep. Prerequisite – have used grep to search files.  Speakers include:Mat Enders - Track: Tech  - Duration: 50 minutes - Audio/video needs: Projector ","Portage Auditorium",PUBLIC
