Subject,Start Date,Start Time,End Date,End Time,All Day Event,Description,Location,Private
"Scavenger Hunt",4/25/2015,13:00,4/25/2015,18:00,FALSE,"Go on a fun hunt around the con! The first 25 people to complete the tasks will win a 3D printed object! Other prizes too! To begin, find Mat in the Maker Market between 1 and 6 pm on Saturday  Speakers include:Mat Roll - Track: Mayhem  - Duration: 5 hours - Audio/video needs: none ","Lobby",PUBLIC
"Scavenger Hunt",4/25/2015,13:00,4/25/2015,18:00,FALSE,"Go on a fun hunt around the con! The first 25 people to complete the tasks will win a 3D printed object! Other prizes too! To begin, find Mat in the Maker Market between 1 and 6 pm on Saturday  Speakers include:Mat Roll - Track: Mayhem  - Duration: 5 hours - Audio/video needs: none ","Lobby",PUBLIC
"Scavenger Hunt",4/25/2015,13:00,4/25/2015,18:00,FALSE,"Go on a fun hunt around the con! The first 25 people to complete the tasks will win a 3D printed object! Other prizes too! To begin, find Mat in the Maker Market between 1 and 6 pm on Saturday  Speakers include:Mat Roll - Track: Mayhem  - Duration: 5 hours - Audio/video needs: none ","Lobby",PUBLIC
"Scavenger Hunt",4/25/2015,13:00,4/25/2015,18:00,FALSE,"Go on a fun hunt around the con! The first 25 people to complete the tasks will win a 3D printed object! Other prizes too! To begin, find Mat in the Maker Market between 1 and 6 pm on Saturday  Speakers include:Mat Roll - Track: Mayhem  - Duration: 5 hours - Audio/video needs: none ","Lobby",PUBLIC
"Scavenger Hunt",4/25/2015,13:00,4/25/2015,18:00,FALSE,"Go on a fun hunt around the con! The first 25 people to complete the tasks will win a 3D printed object! Other prizes too! To begin, find Mat in the Maker Market between 1 and 6 pm on Saturday  Speakers include:Mat Roll - Track: Mayhem  - Duration: 5 hours - Audio/video needs: none ","Lobby",PUBLIC
"Scavenger Hunt",4/25/2015,13:00,4/25/2015,18:00,FALSE,"Go on a fun hunt around the con! The first 25 people to complete the tasks will win a 3D printed object! Other prizes too! To begin, find Mat in the Maker Market between 1 and 6 pm on Saturday  Speakers include:Mat Roll - Track: Mayhem  - Duration: 5 hours - Audio/video needs: none ","Lobby",PUBLIC
