Subject,Start Date,Start Time,End Date,End Time,All Day Event,Description,Location,Private
"Adventure As A Way Of Life",4/25/2015,19:00,4/25/2015,19:50,FALSE,"Not everyone can get outside of their comfort zone as a matter of course. But that's where the most treasure is. Let's discuss the practicalities and challenges of not depending on a reassuring hobbit hole of stability; the necessary values and priorities; building resilience and flexibility toward change; and estimating risk and courage.  Speakers include:Matt Arnold, Heather Fish, Moshe Yudkowsky - Track: Action Adventure  - Duration: 50 minutes - Audio/video needs: none ","Algonquin C",PUBLIC
"Penguicon Coffee Ritual",4/25/2015,9:00,4/25/2015,9:50,FALSE,"A solemn celebration of caffeination in our time-honored Penguicon tradition.  Speakers include:Matt Arnold - Track: Food  - Duration: 50 minutes - Audio/video needs: none ","Food 
[Room 517]",PUBLIC
"Penguicon Board Meeting ",4/25/2015,16:00,4/25/2015,16:50,FALSE,"You've done the convention, you've met the staff, and you've even socialized with the ConCom.  But what about those *other* Penguicon people?  Those shadowy figures that create the multi-year rules, have their fingers on the money, and cause a ConChair to mysteriously appear every year in a puff of penguin-scented smoke?  Ever wonder what the Penguicon Board of Directors does in their secret sanctum, and where they are taking Penguicon?  Come to the Board of Directors meeting and see!  Speakers include:Steve Gutterman, Randy Bradakis, Matt Arnold, Jer Lance, Gini Judd - Track: Penguicon Events  - Duration: 50 minutes - Audio/video needs: none ","Board of Regents",PUBLIC
