Subject,Start Date,Start Time,End Date,End Time,All Day Event,Description,Location,Private
"A Beginners Guide to Self-Publishing",4/24/2015,20:00,4/24/2015,20:50,FALSE,"A discussion the ins and outs of how and where to publish your work. Topics will include formatting programs, editing, deciding who will carry your book, getting into bookstores, and advertising.  Speakers include:Patty Templeton, Michael Cieslak, Michael Elliott, Shetan Noir - Track: Literature  - Duration: 50 minutes - Audio/video needs: none ","Board of Governors",PUBLIC
"What Is NaNoWriMo?",4/25/2015,11:00,4/25/2015,11:50,FALSE,"It is a simple concept: write a 50,000 word novel during the month of November. Is it a good writing exercise? The panelists will talk about their own NaNo experiences, discuss what they have done with their NaNo works, and answer questions.  Speakers include:Michael Cieslak, Jen Haeger - Track: Literature  - Duration: 50 minutes - Audio/video needs: none ","Hamlin",PUBLIC
"How To Be A Critic: Writing Reviews for Fun and Profit",4/25/2015,12:00,4/25/2015,12:50,FALSE,"Do you like to read, watch movies and television, play video games, and listen to music? Of course you do! Do you want to share your opinions about what you have read, watched, played, or listened to? Why not? Would you like to get paid, or at least be able to read/watch/play/listen to new material for free? The panelists will discuss the ins and outs of writing reviews, finding or building platforms for your reviews, and where to acquire material to review.  Speakers include:Michael Cieslak, Janea Schimmel, Charlie Jane Anders, Mark Oshiro - Track: Literature, Music, Film, Life  - Duration: 50 minutes - Audio/video needs: none ","Charlevoix B",PUBLIC
"Making the Fantastic Believable",4/25/2015,13:00,4/25/2015,13:50,FALSE,"Ghosts, lycanthropes, robots, elves, even vampires that sparkle in the sunlight, what does it take to make the utterly fantastic believable to your readers? The panel will discuss the research and decision process which goes into making good (or in some cases ridiculous) characters.  Speakers include:Michael Cieslak, Sarah Hans, Steven Saus, Skeeter Enright - Track: Literature  - Duration: 50 minutes - Audio/video needs: none ","Hamlin",PUBLIC
"You Can't Kill The Undead",4/25/2015,21:00,4/25/2015,21:50,FALSE,"Year after year we wonder if this will be the year that people get sick of zombies and vampires. Year after year we get a resounding no from the audience. Join us as we explore the most recent explorations of the undead and brainstorm with us, wondering what may be on the horizon: angels, ghosts, demons?  Speakers include:Nicole Castle, Mary Lynne Gibbs, Michael Cieslak, Sarah Hans, Ken MacGregor, Steven Saus, Sean M. Davis  - Track: Literature  - Duration: 50 minutes - Audio/video needs: none ","Board of Governors",PUBLIC
"You got your SCIFI in my...",4/26/2015,11:00,4/26/2015,11:50,FALSE,"You got your Science Fiction in my horror! And my Urban Fantasy. And my romance. Join us for a discussion of blending other genres into scifi and vice versa. We'll discuss some good examples of what mixes worked and what didn't in the literary world.  Speakers include:Matt Betts, Michael Cieslak, Jim Leach, Patty Templeton, Charlie Jane Anders - Track: Literature  - Duration: 50 minutes - Audio/video needs: none ","Algonquin C",PUBLIC
