Subject,Start Date,Start Time,End Date,End Time,All Day Event,Description,Location,Private
"Speculative Fiction Poetry",4/24/2015,21:00,4/24/2015,21:50,FALSE,"SF, Fantasy, and Horror: it's not just for fiction any more. There are more and more markets opening for Speculative Fiction poetry, we'll talk about where to send your work.  Speakers include:Trico Lutkins, Nicole Castle, Jim Leach, Matt Betts - Track: Literature  - Duration: 50 minutes - Audio/video needs: none ","Hamilin",PUBLIC
"50 Years of Serling's 'Twilight Zone': Still As Relevant as Ever",4/25/2015,20:00,4/25/2015,20:50,FALSE,"More than five decades after its premiere, 'The Twilight Zone' is as relevant as ever. That staying power is almost as eerie as the show itself, considering the world has long since shifted past the Cold War. Yet, much of its commentary remains poignant. Taking down selfishness, narcissism, paranoia, standards of beauty, or whatever the weekly target may have been, Rod Serling and his writers would often refocus the lens on society itself, with the suggestion that we are the true monster.  Speakers include:Nicole Castle - Track: Literature, Film  - Duration: 50 minutes - Audio/video needs: none ","Hamilin",PUBLIC
"You Can't Kill The Undead",4/25/2015,21:00,4/25/2015,21:50,FALSE,"Year after year we wonder if this will be the year that people get sick of zombies and vampires. Year after year we get a resounding no from the audience. Join us as we explore the most recent explorations of the undead and brainstorm with us, wondering what may be on the horizon: angels, ghosts, demons?  Speakers include:Nicole Castle, Mary Lynne Gibbs, Michael Cieslak, Sarah Hans, Ken MacGregor, Steven Saus, Sean M. Davis - Track: Literature  - Duration: 50 minutes - Audio/video needs: none ","Board of Governors",PUBLIC
"Author Reading: Nicole Castle and Ken MacGregor",4/26/2015,12:00,4/26/2015,12:50,FALSE,"Come and listen to two masters of the modern horror story read and discuss their latest works.  Speakers include:Nicole Castle, Ken MacGregor - Track: Literature  - Duration: 50 minutes - Audio/video needs: none ","Hamilin",PUBLIC
