Subject,Start Date,Start Time,End Date,End Time,All Day Event,Description,Location,Private
"I2P Invisible Internet Project",4/24/2015,18:00,4/24/2015,18:50,FALSE,"The Invisible Internet Project (I2P) is a computer network layer that allows applications to send messages to each other pseudonymously and securely. Uses include anonymous Web surfing, chatting, blogging and file transfers.  Speakers include:Pat Baker - Track: Tech  - Duration: 50 minutes - Audio/video needs: Projector ","Algonquin D",PUBLIC
"TOR: Layers of Anonymity",4/25/2015,9:00,4/25/2015,9:50,FALSE,"Tor is free software for enabling anonymous communication. Tor directs Internet traffic through a free, worldwide, volunteer network consisting of relays to conceal a user's location and usage. Let's peel back the layers.  Speakers include:Pat Baker - Track: Tech  - Duration: 50 minutes - Audio/video needs: Projector ","Algonquin D",PUBLIC
"I2P Invisible Internet Project",4/24/2015,18:00,4/24/2015,18:50,FALSE,"The Invisible Internet Project (I2P) is a computer network layer that allows applications to send messages to each other pseudonymously and securely. Uses include anonymous Web surfing, chatting, blogging and file transfers.  Speakers include:Pat Baker - Track: Tech  - Duration: 50 minutes - Audio/video needs: Projector ","Algonquin D",PUBLIC
"TOR: Layers of Anonymity",4/25/2015,9:00,4/25/2015,9:50,FALSE,"Tor is free software for enabling anonymous communication. Tor directs Internet traffic through a free, worldwide, volunteer network consisting of relays to conceal a user's location and usage. Let's peel back the layers.  Speakers include:Pat Baker - Track: Tech  - Duration: 50 minutes - Audio/video needs: Projector ","Algonquin D",PUBLIC
"I2P Invisible Internet Project",4/24/2015,18:00,4/24/2015,18:50,FALSE,"The Invisible Internet Project (I2P) is a computer network layer that allows applications to send messages to each other pseudonymously and securely. Uses include anonymous Web surfing, chatting, blogging and file transfers.  Speakers include:Pat Baker - Track: Tech  - Duration: 50 minutes - Audio/video needs: Projector ","Algonquin D",PUBLIC
"I2P Invisible Internet Project",4/24/2015,18:00,4/24/2015,18:50,FALSE,"The Invisible Internet Project (I2P) is a computer network layer that allows applications to send messages to each other pseudonymously and securely. Uses include anonymous Web surfing, chatting, blogging and file transfers.  Speakers include:Pat Baker - Track: Tech  - Duration: 50 minutes - Audio/video needs: Projector ","Algonquin D",PUBLIC
"TOR: Layers of Anonymity",4/25/2015,9:00,4/25/2015,9:50,FALSE,"Tor is free software for enabling anonymous communication. Tor directs Internet traffic through a free, worldwide, volunteer network consisting of relays to conceal a user's location and usage. Let's peel back the layers.  Speakers include:Pat Baker - Track: Tech  - Duration: 50 minutes - Audio/video needs: Projector ","Algonquin D",PUBLIC
"TOR: Layers of Anonymity",4/25/2015,9:00,4/25/2015,9:50,FALSE,"Tor is free software for enabling anonymous communication. Tor directs Internet traffic through a free, worldwide, volunteer network consisting of relays to conceal a user's location and usage. Let's peel back the layers.  Speakers include:Pat Baker - Track: Tech  - Duration: 50 minutes - Audio/video needs: Projector ","Algonquin D",PUBLIC
"I2P Invisible Internet Project",4/24/2015,18:00,4/24/2015,18:50,FALSE,"The Invisible Internet Project (I2P) is a computer network layer that allows applications to send messages to each other pseudonymously and securely. Uses include anonymous Web surfing, chatting, blogging and file transfers.  Speakers include:Pat Baker - Track: Tech  - Duration: 50 minutes - Audio/video needs: Projector ","Algonquin D",PUBLIC
"TOR: Layers of Anonymity",4/25/2015,9:00,4/25/2015,9:50,FALSE,"Tor is free software for enabling anonymous communication. Tor directs Internet traffic through a free, worldwide, volunteer network consisting of relays to conceal a user's location and usage. Let's peel back the layers.  Speakers include:Pat Baker - Track: Tech  - Duration: 50 minutes - Audio/video needs: Projector ","Algonquin D",PUBLIC
"I2P Invisible Internet Project",4/24/2015,18:00,4/24/2015,18:50,FALSE,"The Invisible Internet Project (I2P) is a computer network layer that allows applications to send messages to each other pseudonymously and securely. Uses include anonymous Web surfing, chatting, blogging and file transfers.  Speakers include:Pat Baker - Track: Tech  - Duration: 50 minutes - Audio/video needs: Projector ","Algonquin D",PUBLIC
"TOR: Layers of Anonymity",4/25/2015,9:00,4/25/2015,9:50,FALSE,"Tor is free software for enabling anonymous communication. Tor directs Internet traffic through a free, worldwide, volunteer network consisting of relays to conceal a user's location and usage. Let's peel back the layers.  Speakers include:Pat Baker - Track: Tech  - Duration: 50 minutes - Audio/video needs: Projector ","Algonquin D",PUBLIC
