Subject,Start Date,Start Time,End Date,End Time,All Day Event,Description,Location,Private
"BDSM: Defining your D/s Dynamic",4/24/2015,22:00,4/24/2015,22:50,FALSE,"A primer class on D/s dynamics. We will cover different types of dynamics, styles, history of D/s dynamics within the community, and methods for building a solid foundation for your D/s relationship, such as what to do if your partner has another partner, communication, and negotiating limits.  Speakers include:Rabbit - Track: After Dark  - Duration: 50 minutes - Audio/video needs: none ","Hamlin",PUBLIC
"Dating Safety for the 21st Century ",4/25/2015,21:00,4/25/2015,21:50,FALSE,"Dating is complicated. This class sheds some light on safely meeting and finding partners interested in BDSM, a polyamorous relationship, or a traditional dating partner. What are some red flags to look for? What can I do to be safe?  Speakers include:Rabbit - Track: After Dark  - Duration: 50 minutes - Audio/video needs: none ","Windover",PUBLIC
"BDSM: Violet Wands",4/25/2015,23:00,4/25/2015,23:50,FALSE,"Zzzzzzzap! Spice up your bedroom life with an electrifying Violet Wand! Learn about these children of Tesla/Oudin and how to introduce them into your bedroom. Safety, techniques, and buying guide will be covered.  Speakers include:Viveka, Rabbit - Track: After Dark  - Duration: 50 minutes - Audio/video needs: none ","Board of Governors",PUBLIC
"Polyamory: Communication is Key",4/26/2015,10:00,4/26/2015,10:50,FALSE,"An interactive class on communication within a polyamory relationship. This class goes into common problems and communication issues in polyamory, tips to create your rules, and suggestions on what to do when those rules are broken.  Speakers include:Rabbit - Track: Life  - Duration: 50 minutes - Audio/video needs: none ","Windover",PUBLIC
