Subject,Start Date,Start Time,End Date,End Time,All Day Event,Description,Location,Private
"Rick's Big Box of Games",5/3/2014,12:00,5/3/2014,13:50,FALSE,"Pick from a variety of games and play for a while!  Options include: Munchkin, Back to the Future, Dominion, Star Trek DBG, Smallworld, Ticket to Ride, Settlers of Catan, Castle Panic, Zombies!!!, Chess, and more. Participants will select which specific games to play.  Some games have limited space, so sign-up in advance at Ops and vote for your favourite titles.  New players are welcome, as are walk-ins.  Speakers include:Richard Houser - Track: Gaming  - Duration: 1 hour and 50 minutes - Audio/video needs: none ","Gaming [Restaurant]",PUBLIC
"Firearms and the Law",5/4/2014,9:00,5/4/2014,9:50,FALSE,"Open Carry and Conceal Carry in particular have been getting increased coverage in the news lately.  What are the relevant laws, and what should you expect?  Why would someone want to carry a weapon in the first place?  What does this really mean with respect to your rights, safety, encounters with those carrying in public, and any response from law enforcement? Join our panelists in a discussion on these and related topics.  Sharing of personal experiences is strongly encouraged. Please note that this is a logic-based discussion primarily regarding the law and it's implications, and there may be conflicting viewpoints.  Some people have extremely strong views on the subject of gun control.  We expect participants to respect the views of others.  Anyone unable to do so will be asked to leave.  Speakers include:Stu Chisholm, Richard Houser - Track: Action Adventure  - Duration: 50 minutes - Audio/video needs: none ","Charlevoix B",PUBLIC
"Guns and Gun Safety",5/4/2014,10:00,5/4/2014,10:50,FALSE,"Author and gun enthusiast Stu Chisholm and author and NRA instructor Rob Reed talk about guns and gun safety.  Speakers include:Stu Chisholm, Rob Reed, Eric S. Raymond, Richard Houser - Track: Action Adventure  - Duration: 50 minutes - Audio/video needs: none ","Charlevoix B",PUBLIC
"Rick's Big Box of Games",5/4/2014,12:00,5/4/2014,13:50,FALSE,"Pick from a variety of games and play for a while!  Options include: Munchkin, Back to the Future, Dominion, Star Trek DBG, Smallworld, Ticket to Ride, Settlers of Catan, Castle Panic, Zombies!!!, Chess, and more. Participants will select which specific games to play.  Some games have limited space, so sign up in advance at Ops and vote for your favourite titles.  New players are welcome, as are walk-ins.  Speakers include:Richard Houser - Track: Gaming  - Duration: 1 hour and 50 minutes - Audio/video needs: none ","Gaming [Restaurant]",PUBLIC
