Subject,Start Date,Start Time,End Date,End Time,All Day Event,Description,Location,Private
"Philosophy in Anime",4/25/2015,12:00,4/25/2015,12:50,FALSE,"Sword Art Online asks us 'Is the real world virtual?' Ghost in the Shell asks us 'Who has a soul, and what makes us human (or cyborg)?' Avatar asks us 'What is good?' while Psyco-Pass asks us 'When is society a trap?' Come explore these thought-provoking questions posed by Anime!  Speakers include:Cassy Sinke, Richard Herrell, BluRaven Houvener - Track: Anime  - Duration: 50 minutes - Audio/video needs: none ","Hamlin",PUBLIC
"Philosophy in Anime",4/25/2015,12:00,4/25/2015,12:50,FALSE,"Sword Art Online asks us 'Is the real world virtual?' Ghost in the Shell asks us 'Who has a soul, and what makes us human (or cyborg)?' Avatar asks us 'What is good?' while Psyco-Pass asks us 'When is society a trap?' Come explore these thought-provoking questions posed by Anime!  Speakers include:Cassy Sinke, Richard Herrell, BluRaven Houvener - Track: Anime  - Duration: 50 minutes - Audio/video needs: none ","Hamlin",PUBLIC
"Introduction to Machine Learning with Python",4/25/2015,19:00,4/25/2015,19:50,FALSE,"Machine learning in Python with scikit-learn. Classification, regression, and clustering.  Speakers include:Richard Herrell - Track: Tech  - Duration: 50 minutes - Audio/video needs: Projector ","Algonquin B",PUBLIC
"Introduction to Machine Learning with Python",4/25/2015,19:00,4/25/2015,19:50,FALSE,"Machine learning in Python with scikit-learn. Classification, regression, and clustering.  Speakers include:Richard Herrell - Track: Tech  - Duration: 50 minutes - Audio/video needs: Projector ","Algonquin B",PUBLIC
"Philosophy in Anime",4/25/2015,12:00,4/25/2015,12:50,FALSE,"Sword Art Online asks us 'Is the real world virtual?' Ghost in the Shell asks us 'Who has a soul, and what makes us human (or cyborg)?' Avatar asks us 'What is good?' while Psyco-Pass asks us 'When is society a trap?' Come explore these thought-provoking questions posed by Anime!  Speakers include:Cassy Sinke, Richard Herrell, BluRaven Houvener - Track: Anime  - Duration: 50 minutes - Audio/video needs: none ","Hamlin",PUBLIC
"Philosophy in Anime",4/25/2015,12:00,4/25/2015,12:50,FALSE,"Sword Art Online asks us 'Is the real world virtual?' Ghost in the Shell asks us 'Who has a soul, and what makes us human (or cyborg)?' Avatar asks us 'What is good?' while Psyco-Pass asks us 'When is society a trap?' Come explore these thought-provoking questions posed by Anime!  Speakers include:Cassy Sinke, Richard Herrell, BluRaven Houvener - Track: Anime  - Duration: 50 minutes - Audio/video needs: none ","Hamlin",PUBLIC
"Philosophy in Anime",4/25/2015,12:00,4/25/2015,12:50,FALSE,"Sword Art Online asks us 'Is the real world virtual?' Ghost in the Shell asks us 'Who has a soul, and what makes us human (or cyborg)?' Avatar asks us 'What is good?' while Psyco-Pass asks us 'When is society a trap?' Come explore these thought-provoking questions posed by Anime!  Speakers include:Cassy Sinke, Richard Herrell, BluRaven Houvener - Track: Anime  - Duration: 50 minutes - Audio/video needs: none ","Hamlin",PUBLIC
"Introduction to Machine Learning with Python",4/25/2015,19:00,4/25/2015,19:50,FALSE,"Machine learning in Python with scikit-learn. Classification, regression, and clustering.  Speakers include:Richard Herrell - Track: Tech  - Duration: 50 minutes - Audio/video needs: Projector ","Algonquin B",PUBLIC
"Introduction to Machine Learning with Python",4/25/2015,19:00,4/25/2015,19:50,FALSE,"Machine learning in Python with scikit-learn. Classification, regression, and clustering.  Speakers include:Richard Herrell - Track: Tech  - Duration: 50 minutes - Audio/video needs: Projector ","Algonquin B",PUBLIC
"Introduction to Machine Learning with Python",4/25/2015,19:00,4/25/2015,19:50,FALSE,"Machine learning in Python with scikit-learn. Classification, regression, and clustering.  Speakers include:Richard Herrell - Track: Tech  - Duration: 50 minutes - Audio/video needs: Projector ","Algonquin B",PUBLIC
"Philosophy in Anime",4/25/2015,12:00,4/25/2015,12:50,FALSE,"Sword Art Online asks us 'Is the real world virtual?' Ghost in the Shell asks us 'Who has a soul, and what makes us human (or cyborg)?' Avatar asks us 'What is good?' while Psyco-Pass asks us 'When is society a trap?' Come explore these thought-provoking questions posed by Anime!  Speakers include:Cassy Sinke, Richard Herrell, BluRaven Houvener - Track: Anime  - Duration: 50 minutes - Audio/video needs: none ","Hamlin",PUBLIC
"Introduction to Machine Learning with Python",4/25/2015,19:00,4/25/2015,19:50,FALSE,"Machine learning in Python with scikit-learn. Classification, regression, and clustering.  Speakers include:Richard Herrell - Track: Tech  - Duration: 50 minutes - Audio/video needs: Projector ","Algonquin B",PUBLIC
