Subject,Start Date,Start Time,End Date,End Time,All Day Event,Description,Location,Private
"Bug House (Chess) Tournament",4/25/2015,15:00,4/25/2015,16:50,FALSE,"The first Penguicon Chess Tournament has arrived! Bug House games are extremely fast paced team play often involving shouting and some very non-traditional mechanics. Even if you don't play chess, feel free to swing by and take a peak. This tournament will -not- be elimination, so expect to get 4-5 games in. There will be a sign-up sheet at Ops. Chess set availability is limited. Those that bring a set get first priority; second priority goes to those on the sign-up sheet, in order.  Equipment: If you have a chess set or durable clock, please bring it.  We do have a limited number of sets available for use. You need to know at least one variant of Bughouse or Doubles Speed, so come check out our Bug House panel! As long as you understand the rules, don't worry about not being good enough!  Speakers include:Rick Houser, Seth Breidbart, Don Wenzel - Track: Gaming  - Duration: 1 hour and 50 minutes - Audio/video needs: none ","Gaming [Lobby]",PUBLIC
"Key Signing Party",4/26/2015,10:00,4/26/2015,12:50,FALSE,"In this hands-on event, participants will learn how the web of trust model works and perform identify verification with fellow attendees.  We will do so in a manner compatible with CAcert.org, so you can use the resulting identify assurance to issue your own free SSL certificates, code signatures, etc.  With a little additional work, you can also become an assurer of your own right at Penguicon.  We will also exchange OpenPGP keys if you have them, so bring your key fingerprints with you! Participants need to bring at least two forms of ID -- at least one of which must be a government issued ID showing birthdate. Having your own notebook computer able to output PDFs files greatly simplifies things, too. New users are expected to show up at the start, but returning participants from Penguicon Keysigning events and any CAcert.org assurers may show up one hour in.  Speakers include:Rick Houser - Track: Tech  - Duration: 2 hours and 50 minutes - Audio/video needs: none ","Charlevoix A",PUBLIC
"Learn Bug House (Chess)",4/25/2015,11:00,4/25/2015,11:50,FALSE,"So, you know how to play chess - this is Penguicon, so bring on the chaos! 'Doubles Speed' or 'Bug House' is a fast-paced, team variant of chess that makes a heated game of Dominion look tame. It is anything but civilized, but a ton of fun. We'll go over the basics, and then play a couple games.   Please come knowing how to play a basic game of chess.  If you attended the Learn Chess event, and understood the rules, that's good enough.  Speakers include:Rick Houser, Seth Breidbart, Don Wenzel - Track: Gaming  - Duration: 50 minutes - Audio/video needs: none ","Gaming [Lobby]",PUBLIC
"Learn Chess",4/24/2015,19:00,4/24/2015,19:50,FALSE,"Ever been curious about chess? Need a refresher before the doubles tournament? This is the place to be. All skill levels welcome, as beginners will learn faster with additional coaches! Drag your friends along, too.  Speakers include:Rick Houser, Seth Breidbart, Don Wenzel - Track: Gaming  - Duration: 50 minutes - Audio/video needs: none ","Gaming [Lobby]",PUBLIC
"Pack-a-thon",4/25/2015,13:00,4/25/2015,13:50,FALSE,"Linux distributions don't package themselves.  Show up and help make it happen!  We will all join together to package software of the attendees choice so it's easier for the community to use. Help will be available for all the intricate details of RPM packaging, but DEB packagers are also welcome. Please come with either knowledge of Linux software packaging or prior attendance at the RPM Packaging Workshop. Please bring a notebook running a Linux distribution (or remote access).  Speakers include:Rick Houser - Track: Tech  - Duration: 50 minutes - Audio/video needs: Projector ","Charlevoix C",PUBLIC
"RPM Packaging Workshop",4/25/2015,12:00,4/25/2015,12:50,FALSE,"Wonder how RPM packages are put together?  Want to learn how to do it yourself?  This session will be a mix of presentation, and a workshop where everyone follows along with packaging a few simple, pre-selected source tarballs.  A notebook running an RPM distribution (or remote access) is strongly preferred, but not required. Stick around for the Pack-a-thon, and you can put your skills to use with your own software.  Speakers include:Rick Houser - Track: Tech  - Duration: 50 minutes - Audio/video needs: Projector ","Charlevoix C",PUBLIC
