Subject,Start Date,Start Time,End Date,End Time,All Day Event,Description,Location,Private
"Steampunk Guns in the Real World",4/26/2015,15:00,4/26/2015,15:50,FALSE,"The history of firearms is filled with fascinating designs that fit right into the Steampunk genre. This look at real world guns that fit the Steampunk theme is designed to inspire and delight fans. We'll discuss the technology behind these real world examples and how they could fit into the Steampunk world.  Speakers include:Rob Reed - Track: Literature, Costuming  - Duration: 50 minutes - Audio/video needs: Projector ","Montcalm",PUBLIC
"Geeks with Guns Virtual Range",4/25/2015,10:00,4/25/2015,11:50,FALSE,"Handgun shooting without the noise and recoil! Our virtual range features pistols with the same weight, feel and trigger action of a Glock 17/20, including weighted magazines for 'reloading' exercises, but the only things flying downrange are photons! Professional range instructors can help newbies or experienced shooters alike learn the basics of handgunning in a completely safe environment. Whether you're just learning the basics of shooting, want to maintain your training, or just have some 'shooting gallery' style fun, make the GwG Virtual Range a must-go part of your Penguicon experience.  Speakers include:Stu Chisholm, Rob Reed - Track: Action Adventure  - Duration: 1 hour and 50 minutes - Audio/video needs: none ","Algonquin A",PUBLIC
"Steampunk Guns in the Real World",4/26/2015,15:00,4/26/2015,15:50,FALSE,"The history of firearms is filled with fascinating designs that fit right into the Steampunk genre. This look at real world guns that fit the Steampunk theme is designed to inspire and delight fans. We'll discuss the technology behind these real world examples and how they could fit into the Steampunk world.  Speakers include:Rob Reed - Track: Literature, Costuming  - Duration: 50 minutes - Audio/video needs: Projector ","Montcalm",PUBLIC
"Steampunk Guns in the Real World",4/26/2015,15:00,4/26/2015,15:50,FALSE,"The history of firearms is filled with fascinating designs that fit right into the Steampunk genre. This look at real world guns that fit the Steampunk theme is designed to inspire and delight fans. We'll discuss the technology behind these real world examples and how they could fit into the Steampunk world.  Speakers include:Rob Reed - Track: Literature, Costuming  - Duration: 50 minutes - Audio/video needs: Projector ","Montcalm",PUBLIC
"Steampunk Guns in the Real World",4/26/2015,15:00,4/26/2015,15:50,FALSE,"The history of firearms is filled with fascinating designs that fit right into the Steampunk genre. This look at real world guns that fit the Steampunk theme is designed to inspire and delight fans. We'll discuss the technology behind these real world examples and how they could fit into the Steampunk world.  Speakers include:Rob Reed - Track: Literature, Costuming  - Duration: 50 minutes - Audio/video needs: Projector ","Montcalm",PUBLIC
"Steampunk Guns in the Real World",4/26/2015,15:00,4/26/2015,15:50,FALSE,"The history of firearms is filled with fascinating designs that fit right into the Steampunk genre. This look at real world guns that fit the Steampunk theme is designed to inspire and delight fans. We'll discuss the technology behind these real world examples and how they could fit into the Steampunk world.  Speakers include:Rob Reed - Track: Literature, Costuming  - Duration: 50 minutes - Audio/video needs: Projector ","Montcalm",PUBLIC
"Pros and Cons of Writing for Examiner.com & Yahoo's Associated Content",4/25/2015,14:00,4/25/2015,14:50,FALSE,"Have you considered writing for Examiner.com or Yahoo's Associated Content? Join us for a discussion of the good and the bad, and how this compares to writing for magazines. Will will also cover how to build your writing portfolio and setting deadlines for yourself.  Speakers include:Shetan Noir, Rob Reed - Track: Literature  - Duration: 50 minutes - Audio/video needs: none ","Montcalm",PUBLIC
"Steampunk Guns in the Real World",4/26/2015,15:00,4/26/2015,15:50,FALSE,"The history of firearms is filled with fascinating designs that fit right into the Steampunk genre. This look at real world guns that fit the Steampunk theme is designed to inspire and delight fans. We'll discuss the technology behind these real world examples and how they could fit into the Steampunk world.  Speakers include:Rob Reed - Track: Literature, Costuming  - Duration: 50 minutes - Audio/video needs: Projector ","Montcalm",PUBLIC
