Subject,Start Date,Start Time,End Date,End Time,All Day Event,Description,Location,Private
"Attention to Detail: Taking Your Costume From Good to Great",4/25/2015,13:00,4/25/2015,13:50,FALSE,"The difference between a good costume and a great costume is in the details! That might mean the right foundation garments, or weathering and distressing so that your battle-worn character doesn't look fresh off the armor manufacturer's showfloor. It could be choosing the right materials and the right accessories. Don't forget to perfect your character's look for the best photos, because you're going to want to show this off!  Speakers include:Ruth Suehle - Track: Costuming  - Duration: 50 minutes - Audio/video needs: none ","Nicolet",PUBLIC
"Getting Involved in the Open Source Community",4/25/2015,10:00,4/25/2015,10:50,FALSE,"Whether you are into circuitry, soda, 3d printing, DIY furniture, or software, there is an open source community for you. This panel answers questions like 'How do I find them? What can I do to introduce myself? How can I help?'  Speakers include:Kevin O'Brien, Tom Callaway, Ruth Suehle, Emily Gonyer, William A. Rowe Jr. - Track: Tech  - Duration: 50 minutes - Audio/video needs: none ","Algonquin C",PUBLIC
"Costume Contest",4/25/2015,22:00,4/25/2015,22:50,FALSE,"This year we are making the costume contest a little more informal.  This means no Muster, Paperwork, or Registration.  You simply show up at the Geek Prom at the right time (9:45!) and say you want to enter.  From there it is in the hands of our MC and N.U.E.T.!  Come down for some fun and awesome costumes, and maybe enter for a chance to win some cool prizes.  Best of Show will receive a free badge to Penguicon 2016!
  Speakers include:Alex Drummer, Justin Coluzzi, Kevin McLeod, Albert Manero, Ruth Suehle, Alex Page - Track: Penguicon Events  - Duration: 50 minutes - Audio/video needs: Microphone, Sound System ","Charlevoix A",PUBLIC
