Subject,Start Date,Start Time,End Date,End Time,All Day Event,Description,Location,Private
"Hacking Your Writing and Editing Toolbox",4/26/2015,10:00,4/26/2015,10:50,FALSE,"Ever feel like parts of the editing process is a lot of repetitive, boring, tedious work? The sort of thing that a computer really should be able to do for you? Learn how to write MS Word add-ins to make your life easier! We'll use freely available tools to create an add-in that helps you track down problem words in your manuscript. Some computer programming experience is suggested. The finished project will be made available open source via GitHub.  Speakers include:Scott Favre - Track: Tech, Literature  - Duration: 50 minutes - Audio/video needs: Projector ","Nicolet",PUBLIC
"Test Driven Development to Write Less Code",4/26/2015,11:00,4/26/2015,11:50,FALSE,"Learn how to use test driven development and other agile principles to write less code and bring a more reliable product to market faster. Test Driven Developers write a test, and then write the code to make the test pass. This counter intuitive process ultimately results in writing less code that is more reliable and easier to extend. Intended for someone with a little programming experience, or somebody with a lot who wants to stretch themselves in new areas.  Speakers include:Stephen Cavaliere, Douglas Johnson, Clay Dowling, Scott Favre - Track: Tech  - Duration: 50 minutes - Audio/video needs: Projector ","Charlevoix B",PUBLIC
"Hacking Your Writing and Editing Toolbox",4/26/2015,10:00,4/26/2015,10:50,FALSE,"Ever feel like parts of the editing process is a lot of repetitive, boring, tedious work? The sort of thing that a computer really should be able to do for you? Learn how to write MS Word add-ins to make your life easier! We'll use freely available tools to create an add-in that helps you track down problem words in your manuscript. Some computer programming experience is suggested. The finished project will be made available open source via GitHub.  Speakers include:Scott Favre - Track: Tech, Literature  - Duration: 50 minutes - Audio/video needs: Projector ","Nicolet",PUBLIC
"Test Driven Development to Write Less Code",4/26/2015,11:00,4/26/2015,11:50,FALSE,"Learn how to use test driven development and other agile principles to write less code and bring a more reliable product to market faster. Test Driven Developers write a test, and then write the code to make the test pass. This counter intuitive process ultimately results in writing less code that is more reliable and easier to extend. Intended for someone with a little programming experience, or somebody with a lot who wants to stretch themselves in new areas.  Speakers include:Stephen Cavaliere, Douglas Johnson, Clay Dowling, Scott Favre - Track: Tech  - Duration: 50 minutes - Audio/video needs: Projector ","Charlevoix B",PUBLIC
"Hacking Your Writing and Editing Toolbox",4/26/2015,10:00,4/26/2015,10:50,FALSE,"Ever feel like parts of the editing process is a lot of repetitive, boring, tedious work? The sort of thing that a computer really should be able to do for you? Learn how to write MS Word add-ins to make your life easier! We'll use freely available tools to create an add-in that helps you track down problem words in your manuscript. Some computer programming experience is suggested. The finished project will be made available open source via GitHub.  Speakers include:Scott Favre - Track: Tech, Literature  - Duration: 50 minutes - Audio/video needs: Projector ","Nicolet",PUBLIC
"Hacking Your Writing and Editing Toolbox",4/26/2015,10:00,4/26/2015,10:50,FALSE,"Ever feel like parts of the editing process is a lot of repetitive, boring, tedious work? The sort of thing that a computer really should be able to do for you? Learn how to write MS Word add-ins to make your life easier! We'll use freely available tools to create an add-in that helps you track down problem words in your manuscript. Some computer programming experience is suggested. The finished project will be made available open source via GitHub.  Speakers include:Scott Favre - Track: Tech, Literature  - Duration: 50 minutes - Audio/video needs: Projector ","Nicolet",PUBLIC
"Test Driven Development to Write Less Code",4/26/2015,11:00,4/26/2015,11:50,FALSE,"Learn how to use test driven development and other agile principles to write less code and bring a more reliable product to market faster. Test Driven Developers write a test, and then write the code to make the test pass. This counter intuitive process ultimately results in writing less code that is more reliable and easier to extend. Intended for someone with a little programming experience, or somebody with a lot who wants to stretch themselves in new areas.  Speakers include:Stephen Cavaliere, Douglas Johnson, Clay Dowling, Scott Favre - Track: Tech  - Duration: 50 minutes - Audio/video needs: Projector ","Charlevoix B",PUBLIC
"Test Driven Development to Write Less Code",4/26/2015,11:00,4/26/2015,11:50,FALSE,"Learn how to use test driven development and other agile principles to write less code and bring a more reliable product to market faster. Test Driven Developers write a test, and then write the code to make the test pass. This counter intuitive process ultimately results in writing less code that is more reliable and easier to extend. Intended for someone with a little programming experience, or somebody with a lot who wants to stretch themselves in new areas.  Speakers include:Stephen Cavaliere, Douglas Johnson, Clay Dowling, Scott Favre - Track: Tech  - Duration: 50 minutes - Audio/video needs: Projector ","Charlevoix B",PUBLIC
"Hacking Your Writing and Editing Toolbox",4/26/2015,10:00,4/26/2015,10:50,FALSE,"Ever feel like parts of the editing process is a lot of repetitive, boring, tedious work? The sort of thing that a computer really should be able to do for you? Learn how to write MS Word add-ins to make your life easier! We'll use freely available tools to create an add-in that helps you track down problem words in your manuscript. Some computer programming experience is suggested. The finished project will be made available open source via GitHub.  Speakers include:Scott Favre - Track: Tech, Literature  - Duration: 50 minutes - Audio/video needs: Projector ","Nicolet",PUBLIC
"Test Driven Development to Write Less Code",4/26/2015,11:00,4/26/2015,11:50,FALSE,"Learn how to use test driven development and other agile principles to write less code and bring a more reliable product to market faster. Test Driven Developers write a test, and then write the code to make the test pass. This counter intuitive process ultimately results in writing less code that is more reliable and easier to extend. Intended for someone with a little programming experience, or somebody with a lot who wants to stretch themselves in new areas.  Speakers include:Stephen Cavaliere, Douglas Johnson, Clay Dowling, Scott Favre - Track: Tech  - Duration: 50 minutes - Audio/video needs: Projector ","Charlevoix B",PUBLIC
"Hacking Your Writing and Editing Toolbox",4/26/2015,10:00,4/26/2015,10:50,FALSE,"Ever feel like parts of the editing process is a lot of repetitive, boring, tedious work? The sort of thing that a computer really should be able to do for you? Learn how to write MS Word add-ins to make your life easier! We'll use freely available tools to create an add-in that helps you track down problem words in your manuscript. Some computer programming experience is suggested. The finished project will be made available open source via GitHub.  Speakers include:Scott Favre - Track: Tech, Literature  - Duration: 50 minutes - Audio/video needs: Projector ","Nicolet",PUBLIC
"Test Driven Development to Write Less Code",4/26/2015,11:00,4/26/2015,11:50,FALSE,"Learn how to use test driven development and other agile principles to write less code and bring a more reliable product to market faster. Test Driven Developers write a test, and then write the code to make the test pass. This counter intuitive process ultimately results in writing less code that is more reliable and easier to extend. Intended for someone with a little programming experience, or somebody with a lot who wants to stretch themselves in new areas.  Speakers include:Stephen Cavaliere, Douglas Johnson, Clay Dowling, Scott Favre - Track: Tech  - Duration: 50 minutes - Audio/video needs: Projector ","Charlevoix B",PUBLIC
