Subject,Start Date,Start Time,End Date,End Time,All Day Event,Description,Location,Private
"Larval Writers Panel",4/24/2015,16:00,4/24/2015,16:50,FALSE,"Sometimes panels with very successful writers on them are intimidating or a bit non-applicable to folks just dipping their toes in the ink, so to speak. This panel has writers struggling to find success sharing their triumphs, woes, insights, and experiences with other aspiring writers.  Speakers include:Jen Haeger, Brent Seth, Patty Templeton, Clarence Young, Skeeter Enright, Michael Elliott - Track: Literature  - Duration: 50 minutes - Audio/video needs: none ","Windover",PUBLIC
"Author Reading: Skeeter Enright and Karl Schroeder",4/24/2015,20:00,4/24/2015,20:50,FALSE,"Come and listen to GoH Emeritus Karl Schroeder and literature panelist Skeeter Enright read from their latest works and discuss everything from science-fiction to non-fiction.   Speakers include:Skeeter Enright, Karl Schroeder - Track: Literature  - Duration: 50 minutes - Audio/video needs: none ","Hamlin",PUBLIC
"Making the Fantastic Believable",4/25/2015,13:00,4/25/2015,13:50,FALSE,"Ghosts, lycanthropes, robots, elves, even vampires that sparkle in the sunlight, what does it take to make the utterly fantastic believable to your readers? The panel will discuss the research and decision process which goes into making good (or in some cases ridiculous) characters.  Speakers include:Michael Cieslak, Sarah Hans, Steven Saus, Skeeter Enright, Christian Klaver - Track: Literature  - Duration: 50 minutes - Audio/video needs: none ","Hamlin",PUBLIC
"Rejection: Dealing with the Dark Side of a Creative Life",4/25/2015,17:00,4/25/2015,17:50,FALSE,"For every book that is accepted, painting that is sold, or movie that is made, there are a slew which are not. The panel of artists from various disciplines will share their mechanisms for coping with rejection and relate what they do to keep pressing on.  Speakers include:Patty Templeton, Rachael Acks, Mary Lynne Gibbs, Sarah Hans, Ken MacGregor, Skeeter Enright, Steven Saus, Jim Leach - Track: Literature, Life, Music, Film  - Duration: 50 minutes - Audio/video needs: none ","Board of Governors",PUBLIC
