Subject,Start Date,Start Time,End Date,End Time,All Day Event,Description,Location,Private
"BIOS Hacking with the Raspberry Pi",4/25/2015,11:00,4/25/2015,11:50,FALSE,"Using the Raspberry Pi as an inexpensive eeprom programmer to hack a Macbook's BIOS.  Speakers include:Stephen Gualdoni - Track: Tech  - Duration: 50 minutes - Audio/video needs: Projector ","Portage Auditorium",PUBLIC
"BIOS Hacking with the Raspberry Pi",4/25/2015,11:00,4/25/2015,11:50,FALSE,"Using the Raspberry Pi as an inexpensive eeprom programmer to hack a Macbook's BIOS.  Speakers include:Stephen Gualdoni - Track: Tech  - Duration: 50 minutes - Audio/video needs: Projector ","Portage Auditorium",PUBLIC
"BIOS Hacking with the Raspberry Pi",4/25/2015,11:00,4/25/2015,11:50,FALSE,"Using the Raspberry Pi as an inexpensive eeprom programmer to hack a Macbook's BIOS.  Speakers include:Stephen Gualdoni - Track: Tech  - Duration: 50 minutes - Audio/video needs: Projector ","Portage Auditorium",PUBLIC
"BIOS Hacking with the Raspberry Pi",4/25/2015,11:00,4/25/2015,11:50,FALSE,"Using the Raspberry Pi as an inexpensive eeprom programmer to hack a Macbook's BIOS.  Speakers include:Stephen Gualdoni - Track: Tech  - Duration: 50 minutes - Audio/video needs: Projector ","Portage Auditorium",PUBLIC
"BIOS Hacking with the Raspberry Pi",4/25/2015,11:00,4/25/2015,11:50,FALSE,"Using the Raspberry Pi as an inexpensive eeprom programmer to hack a Macbook's BIOS.  Speakers include:Stephen Gualdoni - Track: Tech  - Duration: 50 minutes - Audio/video needs: Projector ","Portage Auditorium",PUBLIC
"Why Can't Ashley Sing",4/25/2015,22:00,4/25/2015,22:50,FALSE,"This talk will demonstrate the technologies used in a modern recording studio to make the difference between the sound musicians make live and what you hear in recordings.  Speakers include:Stephen Gualdoni - Track: Tech, Music  - Duration: 50 minutes - Audio/video needs: Projector ","Charlevoix C",PUBLIC
"Why Can't Ashley Sing",4/25/2015,22:00,4/25/2015,22:50,FALSE,"This talk will demonstrate the technologies used in a modern recording studio to make the difference between the sound musicians make live and what you hear in recordings.  Speakers include:Stephen Gualdoni - Track: Tech, Music  - Duration: 50 minutes - Audio/video needs: Projector ","Charlevoix C",PUBLIC
"Why Can't Ashley Sing",4/25/2015,22:00,4/25/2015,22:50,FALSE,"This talk will demonstrate the technologies used in a modern recording studio to make the difference between the sound musicians make live and what you hear in recordings.  Speakers include:Stephen Gualdoni - Track: Tech, Music  - Duration: 50 minutes - Audio/video needs: Projector ","Charlevoix C",PUBLIC
"Why Can't Ashley Sing",4/25/2015,22:00,4/25/2015,22:50,FALSE,"This talk will demonstrate the technologies used in a modern recording studio to make the difference between the sound musicians make live and what you hear in recordings.  Speakers include:Stephen Gualdoni - Track: Tech, Music  - Duration: 50 minutes - Audio/video needs: Projector ","Charlevoix C",PUBLIC
"BIOS Hacking with the Raspberry Pi",4/25/2015,11:00,4/25/2015,11:50,FALSE,"Using the Raspberry Pi as an inexpensive eeprom programmer to hack a Macbook's BIOS.  Speakers include:Stephen Gualdoni - Track: Tech  - Duration: 50 minutes - Audio/video needs: Projector ","Portage Auditorium",PUBLIC
"Why Can't Ashley Sing",4/25/2015,22:00,4/25/2015,22:50,FALSE,"This talk will demonstrate the technologies used in a modern recording studio to make the difference between the sound musicians make live and what you hear in recordings.  Speakers include:Stephen Gualdoni - Track: Tech, Music  - Duration: 50 minutes - Audio/video needs: Projector ","Charlevoix C",PUBLIC
"Why Can't Ashley Sing",4/25/2015,22:00,4/25/2015,22:50,FALSE,"This talk will demonstrate the technologies used in a modern recording studio to make the difference between the sound musicians make live and what you hear in recordings.  Speakers include:Stephen Gualdoni - Track: Tech, Music  - Duration: 50 minutes - Audio/video needs: Projector ","Charlevoix C",PUBLIC
