Subject,Start Date,Start Time,End Date,End Time,All Day Event,Description,Location,Private
"Performance: Tom Smith",4/25/2015,16:00,4/25/2015,16:50,FALSE,"There's every other singer out there... and then there's Tom Smith. Tom is NOT your ordinary comedy musician. With the lyrical complexity of Ashman and Sondheim, the vocal fireworks of Meat Loaf, the comedic timing of Robin Williams, and the dynamic physique of the Skipper from Gilligan's Island, the only thing he won't do is be boring.   Speakers include:Tom Smith - Track: Music  - Duration: 50 minutes - Audio/video needs: none ","Charlevoix A",PUBLIC
"Performance: Tom Smith",4/25/2015,16:00,4/25/2015,16:50,FALSE,"There's every other singer out there... and then there's Tom Smith. Tom is NOT your ordinary comedy musician. With the lyrical complexity of Ashman and Sondheim, the vocal fireworks of Meat Loaf, the comedic timing of Robin Williams, and the dynamic physique of the Skipper from Gilligan's Island, the only thing he won't do is be boring.   Speakers include:Tom Smith - Track: Music  - Duration: 50 minutes - Audio/video needs: none ","Charlevoix A",PUBLIC
"Performance: Tom Smith",4/25/2015,16:00,4/25/2015,16:50,FALSE,"There's every other singer out there... and then there's Tom Smith. Tom is NOT your ordinary comedy musician. With the lyrical complexity of Ashman and Sondheim, the vocal fireworks of Meat Loaf, the comedic timing of Robin Williams, and the dynamic physique of the Skipper from Gilligan's Island, the only thing he won't do is be boring.   Speakers include:Tom Smith - Track: Music  - Duration: 50 minutes - Audio/video needs: none ","Charlevoix A",PUBLIC
"Performance: Tom Smith",4/25/2015,16:00,4/25/2015,16:50,FALSE,"There's every other singer out there... and then there's Tom Smith. Tom is NOT your ordinary comedy musician. With the lyrical complexity of Ashman and Sondheim, the vocal fireworks of Meat Loaf, the comedic timing of Robin Williams, and the dynamic physique of the Skipper from Gilligan's Island, the only thing he won't do is be boring.   Speakers include:Tom Smith - Track: Music  - Duration: 50 minutes - Audio/video needs: none ","Charlevoix A",PUBLIC
"Performance: Tom Smith",4/25/2015,16:00,4/25/2015,16:50,FALSE,"There's every other singer out there... and then there's Tom Smith. Tom is NOT your ordinary comedy musician. With the lyrical complexity of Ashman and Sondheim, the vocal fireworks of Meat Loaf, the comedic timing of Robin Williams, and the dynamic physique of the Skipper from Gilligan's Island, the only thing he won't do is be boring.   Speakers include:Tom Smith - Track: Music  - Duration: 50 minutes - Audio/video needs: none ","Charlevoix A",PUBLIC
"Performance: Tom Smith",4/25/2015,16:00,4/25/2015,16:50,FALSE,"There's every other singer out there... and then there's Tom Smith. Tom is NOT your ordinary comedy musician. With the lyrical complexity of Ashman and Sondheim, the vocal fireworks of Meat Loaf, the comedic timing of Robin Williams, and the dynamic physique of the Skipper from Gilligan's Island, the only thing he won't do is be boring.   Speakers include:Tom Smith - Track: Music  - Duration: 50 minutes - Audio/video needs: none ","Charlevoix A",PUBLIC
