Subject,Start Date,Start Time,End Date,End Time,All Day Event,Description,Location,Private
"Practical Home Networking Using a Linux Router",4/24/2015,16:00,4/24/2015,16:50,FALSE,"It is becoming common these days for people to have a home network. But doing it with open software is even better. Come and learn from the host of Sunday Morning Linux Review.  Speakers include:Tony Bemus - Track: Tech  - Duration: 50 minutes - Audio/video needs: Projector ","Algonquin D",PUBLIC
"Practical Home Networking Using a Linux Router",4/24/2015,16:00,4/24/2015,16:50,FALSE,"It is becoming common these days for people to have a home network. But doing it with open software is even better. Come and learn from the host of Sunday Morning Linux Review.  Speakers include:Tony Bemus - Track: Tech  - Duration: 50 minutes - Audio/video needs: Projector ","Algonquin D",PUBLIC
"Practical Home Networking Using a Linux Router",4/24/2015,16:00,4/24/2015,16:50,FALSE,"It is becoming common these days for people to have a home network. But doing it with open software is even better. Come and learn from the host of Sunday Morning Linux Review.  Speakers include:Tony Bemus - Track: Tech  - Duration: 50 minutes - Audio/video needs: Projector ","Algonquin D",PUBLIC
"Practical Home Networking Using a Linux Router",4/24/2015,16:00,4/24/2015,16:50,FALSE,"It is becoming common these days for people to have a home network. But doing it with open software is even better. Come and learn from the host of Sunday Morning Linux Review.  Speakers include:Tony Bemus - Track: Tech  - Duration: 50 minutes - Audio/video needs: Projector ","Algonquin D",PUBLIC
"LIVE PODCAST: Sunday Morning Linux Review",4/26/2015,8:00,4/26/2015,9:50,FALSE,"Tony, Mat, and Mary record an episode of their popular Linux podcast, the Sunday Morning Linux Review  Speakers include:Tony Bemus, Mary Tomich, Mat Enders - Track: Tech  - Duration: 1 hour and 50 minutes - Audio/video needs: none ","Charlevoix A",PUBLIC
"Practical Home Networking Using a Linux Router",4/24/2015,16:00,4/24/2015,16:50,FALSE,"It is becoming common these days for people to have a home network. But doing it with open software is even better. Come and learn from the host of Sunday Morning Linux Review.  Speakers include:Tony Bemus - Track: Tech  - Duration: 50 minutes - Audio/video needs: Projector ","Algonquin D",PUBLIC
"LIVE PODCAST: Sunday Morning Linux Review",4/26/2015,8:00,4/26/2015,9:50,FALSE,"Tony, Mat, and Mary record an episode of their popular Linux podcast, the Sunday Morning Linux Review  Speakers include:Tony Bemus, Mary Tomich, Mat Enders - Track: Tech  - Duration: 1 hour and 50 minutes - Audio/video needs: none ","Charlevoix A",PUBLIC
"LIVE PODCAST: Sunday Morning Linux Review",4/26/2015,8:00,4/26/2015,9:50,FALSE,"Tony, Mat, and Mary record an episode of their popular Linux podcast, the Sunday Morning Linux Review  Speakers include:Tony Bemus, Mary Tomich, Mat Enders - Track: Tech  - Duration: 1 hour and 50 minutes - Audio/video needs: none ","Charlevoix A",PUBLIC
"LIVE PODCAST: Sunday Morning Linux Review",4/26/2015,8:00,4/26/2015,9:50,FALSE,"Tony, Mat, and Mary record an episode of their popular Linux podcast, the Sunday Morning Linux Review  Speakers include:Tony Bemus, Mary Tomich, Mat Enders - Track: Tech  - Duration: 1 hour and 50 minutes - Audio/video needs: none ","Charlevoix A",PUBLIC
"LIVE PODCAST: Sunday Morning Linux Review",4/26/2015,8:00,4/26/2015,9:50,FALSE,"Tony, Mat, and Mary record an episode of their popular Linux podcast, the Sunday Morning Linux Review  Speakers include:Tony Bemus, Mary Tomich, Mat Enders - Track: Tech  - Duration: 1 hour and 50 minutes - Audio/video needs: none ","Charlevoix A",PUBLIC
"LIVE PODCAST: Sunday Morning Linux Review",4/26/2015,8:00,4/26/2015,9:50,FALSE,"Tony, Mat, and Mary record an episode of their popular Linux podcast, the Sunday Morning Linux Review  Speakers include:Tony Bemus, Mary Tomich, Mat Enders - Track: Tech  - Duration: 1 hour and 50 minutes - Audio/video needs: none ","Charlevoix A",PUBLIC
