Subject,Start Date,Start Time,End Date,End Time,All Day Event,Description,Location,Private
"Farm Detroit: The Michigan Urban Farming Initiative",4/25/2015,10:00,4/25/2015,10:50,FALSE,"Join us for an overview of the story behind the Michigan Urban Farming Initiative, an in-depth explanation of each of its 15 different projects, and overall site development plan. Themes include: Detroit, blue & green infrastructure, social innovation, and social entrepreneurship.  Speakers include:Tyson Gersh - Track: Eco  - Duration: 50 minutes - Audio/video needs: Projector ","Montcalm",PUBLIC
"DIY Non-Profit: How to Structure a Non-Profit Using Open Source Technology",4/25/2015,11:00,4/25/2015,11:50,FALSE,"In an increasingly competitive market, the non-profit sector is undergoing a paradigm shift. Traditional charity models (i.e. foundation funding, annual giving, estate planning, million dollar grants, bake sales, etc.) are quickly becoming irrelevant, but with increasing access to open-source technology, so too is the barrier to entry for running a successful non-profit. This presentation will focus on outlining best-practices for using free technology to build a sustainable organization from the ground up. Case studies will include the Michigan Urban Farming Initiative and will cover social media, crowd-funding, task-management software, web development, geomapping, 3D & graphic design, and industry secrets.  Speakers include:Tyson Gersh - Track: Tech, Eco  - Duration: 50 minutes - Audio/video needs: Projector ","Charlevoix C",PUBLIC
"Rethinking Urban Spaces",4/25/2015,15:00,4/25/2015,17:50,FALSE,"We'll talk about the types of lands used (single vacant parcel, blighted multifamily flat, commercial space) and what is legal. We'll use three examples: An Urban Farm, A Shipping Container homestead retrofitted on a preexisting blighted bungalow, and a Retention pond created from the basement of a blighted home. Participants will break into groups to come up with novel ideas for repurposing urban infrastructure together. Maybe we can come up with some truly innovative project ideas for real world use!  Speakers include:Tyson Gersh - Track: Eco  - Duration: 2 hours and 50 minutes - Audio/video needs: Projector ","Montcalm",PUBLIC
"Farm Detroit: The Michigan Urban Farming Initiative",4/25/2015,10:00,4/25/2015,10:50,FALSE,"Join us for an overview of the story behind the Michigan Urban Farming Initiative, an in-depth explanation of each of its 15 different projects, and overall site development plan. Themes include: Detroit, blue & green infrastructure, social innovation, and social entrepreneurship.  Speakers include:Tyson Gersh - Track: Eco  - Duration: 50 minutes - Audio/video needs: Projector ","Montcalm",PUBLIC
"DIY Non-Profit: How to Structure a Non-Profit Using Open Source Technology",4/25/2015,11:00,4/25/2015,11:50,FALSE,"In an increasingly competitive market, the non-profit sector is undergoing a paradigm shift. Traditional charity models (i.e. foundation funding, annual giving, estate planning, million dollar grants, bake sales, etc.) are quickly becoming irrelevant, but with increasing access to open-source technology, so too is the barrier to entry for running a successful non-profit. This presentation will focus on outlining best-practices for using free technology to build a sustainable organization from the ground up. Case studies will include the Michigan Urban Farming Initiative and will cover social media, crowd-funding, task-management software, web development, geomapping, 3D & graphic design, and industry secrets.  Speakers include:Tyson Gersh - Track: Tech, Eco  - Duration: 50 minutes - Audio/video needs: Projector ","Charlevoix C",PUBLIC
"Rethinking Urban Spaces",4/25/2015,15:00,4/25/2015,17:50,FALSE,"We'll talk about the types of lands used (single vacant parcel, blighted multifamily flat, commercial space) and what is legal. We'll use three examples: An Urban Farm, A Shipping Container homestead retrofitted on a preexisting blighted bungalow, and a Retention pond created from the basement of a blighted home. Participants will break into groups to come up with novel ideas for repurposing urban infrastructure together. Maybe we can come up with some truly innovative project ideas for real world use!  Speakers include:Tyson Gersh - Track: Eco  - Duration: 2 hours and 50 minutes - Audio/video needs: Projector ","Montcalm",PUBLIC
"Farm Detroit: The Michigan Urban Farming Initiative",4/25/2015,10:00,4/25/2015,10:50,FALSE,"Join us for an overview of the story behind the Michigan Urban Farming Initiative, an in-depth explanation of each of its 15 different projects, and overall site development plan. Themes include: Detroit, blue & green infrastructure, social innovation, and social entrepreneurship.  Speakers include:Tyson Gersh - Track: Eco  - Duration: 50 minutes - Audio/video needs: Projector ","Montcalm",PUBLIC
"DIY Non-Profit: How to Structure a Non-Profit Using Open Source Technology",4/25/2015,11:00,4/25/2015,11:50,FALSE,"In an increasingly competitive market, the non-profit sector is undergoing a paradigm shift. Traditional charity models (i.e. foundation funding, annual giving, estate planning, million dollar grants, bake sales, etc.) are quickly becoming irrelevant, but with increasing access to open-source technology, so too is the barrier to entry for running a successful non-profit. This presentation will focus on outlining best-practices for using free technology to build a sustainable organization from the ground up. Case studies will include the Michigan Urban Farming Initiative and will cover social media, crowd-funding, task-management software, web development, geomapping, 3D & graphic design, and industry secrets.  Speakers include:Tyson Gersh - Track: Tech, Eco  - Duration: 50 minutes - Audio/video needs: Projector ","Charlevoix C",PUBLIC
"Farm Detroit: The Michigan Urban Farming Initiative",4/25/2015,10:00,4/25/2015,10:50,FALSE,"Join us for an overview of the story behind the Michigan Urban Farming Initiative, an in-depth explanation of each of its 15 different projects, and overall site development plan. Themes include: Detroit, blue & green infrastructure, social innovation, and social entrepreneurship.  Speakers include:Tyson Gersh - Track: Eco  - Duration: 50 minutes - Audio/video needs: Projector ","Montcalm",PUBLIC
"DIY Non-Profit: How to Structure a Non-Profit Using Open Source Technology",4/25/2015,11:00,4/25/2015,11:50,FALSE,"In an increasingly competitive market, the non-profit sector is undergoing a paradigm shift. Traditional charity models (i.e. foundation funding, annual giving, estate planning, million dollar grants, bake sales, etc.) are quickly becoming irrelevant, but with increasing access to open-source technology, so too is the barrier to entry for running a successful non-profit. This presentation will focus on outlining best-practices for using free technology to build a sustainable organization from the ground up. Case studies will include the Michigan Urban Farming Initiative and will cover social media, crowd-funding, task-management software, web development, geomapping, 3D & graphic design, and industry secrets.  Speakers include:Tyson Gersh - Track: Tech, Eco  - Duration: 50 minutes - Audio/video needs: Projector ","Charlevoix C",PUBLIC
"Rethinking Urban Spaces",4/25/2015,15:00,4/25/2015,17:50,FALSE,"We'll talk about the types of lands used (single vacant parcel, blighted multifamily flat, commercial space) and what is legal. We'll use three examples: An Urban Farm, A Shipping Container homestead retrofitted on a preexisting blighted bungalow, and a Retention pond created from the basement of a blighted home. Participants will break into groups to come up with novel ideas for repurposing urban infrastructure together. Maybe we can come up with some truly innovative project ideas for real world use!  Speakers include:Tyson Gersh - Track: Eco  - Duration: 2 hours and 50 minutes - Audio/video needs: Projector ","Montcalm",PUBLIC
"Farm Detroit: The Michigan Urban Farming Initiative",4/25/2015,10:00,4/25/2015,10:50,FALSE,"Join us for an overview of the story behind the Michigan Urban Farming Initiative, an in-depth explanation of each of its 15 different projects, and overall site development plan. Themes include: Detroit, blue & green infrastructure, social innovation, and social entrepreneurship.  Speakers include:Tyson Gersh - Track: Eco  - Duration: 50 minutes - Audio/video needs: Projector ","Montcalm",PUBLIC
"DIY Non-Profit: How to Structure a Non-Profit Using Open Source Technology",4/25/2015,11:00,4/25/2015,11:50,FALSE,"In an increasingly competitive market, the non-profit sector is undergoing a paradigm shift. Traditional charity models (i.e. foundation funding, annual giving, estate planning, million dollar grants, bake sales, etc.) are quickly becoming irrelevant, but with increasing access to open-source technology, so too is the barrier to entry for running a successful non-profit. This presentation will focus on outlining best-practices for using free technology to build a sustainable organization from the ground up. Case studies will include the Michigan Urban Farming Initiative and will cover social media, crowd-funding, task-management software, web development, geomapping, 3D & graphic design, and industry secrets.  Speakers include:Tyson Gersh - Track: Tech, Eco  - Duration: 50 minutes - Audio/video needs: Projector ","Charlevoix C",PUBLIC
"Rethinking Urban Spaces",4/25/2015,15:00,4/25/2015,17:50,FALSE,"We'll talk about the types of lands used (single vacant parcel, blighted multifamily flat, commercial space) and what is legal. We'll use three examples: An Urban Farm, A Shipping Container homestead retrofitted on a preexisting blighted bungalow, and a Retention pond created from the basement of a blighted home. Participants will break into groups to come up with novel ideas for repurposing urban infrastructure together. Maybe we can come up with some truly innovative project ideas for real world use!  Speakers include:Tyson Gersh - Track: Eco  - Duration: 2 hours and 50 minutes - Audio/video needs: Projector ","Montcalm",PUBLIC
"Rethinking Urban Spaces",4/25/2015,15:00,4/25/2015,17:50,FALSE,"We'll talk about the types of lands used (single vacant parcel, blighted multifamily flat, commercial space) and what is legal. We'll use three examples: An Urban Farm, A Shipping Container homestead retrofitted on a preexisting blighted bungalow, and a Retention pond created from the basement of a blighted home. Participants will break into groups to come up with novel ideas for repurposing urban infrastructure together. Maybe we can come up with some truly innovative project ideas for real world use!  Speakers include:Tyson Gersh - Track: Eco  - Duration: 2 hours and 50 minutes - Audio/video needs: Projector ","Montcalm",PUBLIC
"Farm Detroit: The Michigan Urban Farming Initiative",4/25/2015,10:00,4/25/2015,10:50,FALSE,"Join us for an overview of the story behind the Michigan Urban Farming Initiative, an in-depth explanation of each of its 15 different projects, and overall site development plan. Themes include: Detroit, blue & green infrastructure, social innovation, and social entrepreneurship.  Speakers include:Tyson Gersh - Track: Eco  - Duration: 50 minutes - Audio/video needs: Projector ","Montcalm",PUBLIC
"DIY Non-Profit: How to Structure a Non-Profit Using Open Source Technology",4/25/2015,11:00,4/25/2015,11:50,FALSE,"In an increasingly competitive market, the non-profit sector is undergoing a paradigm shift. Traditional charity models (i.e. foundation funding, annual giving, estate planning, million dollar grants, bake sales, etc.) are quickly becoming irrelevant, but with increasing access to open-source technology, so too is the barrier to entry for running a successful non-profit. This presentation will focus on outlining best-practices for using free technology to build a sustainable organization from the ground up. Case studies will include the Michigan Urban Farming Initiative and will cover social media, crowd-funding, task-management software, web development, geomapping, 3D & graphic design, and industry secrets.  Speakers include:Tyson Gersh - Track: Tech, Eco  - Duration: 50 minutes - Audio/video needs: Projector ","Charlevoix C",PUBLIC
"Rethinking Urban Spaces",4/25/2015,15:00,4/25/2015,17:50,FALSE,"We'll talk about the types of lands used (single vacant parcel, blighted multifamily flat, commercial space) and what is legal. We'll use three examples: An Urban Farm, A Shipping Container homestead retrofitted on a preexisting blighted bungalow, and a Retention pond created from the basement of a blighted home. Participants will break into groups to come up with novel ideas for repurposing urban infrastructure together. Maybe we can come up with some truly innovative project ideas for real world use!  Speakers include:Tyson Gersh - Track: Eco  - Duration: 2 hours and 50 minutes - Audio/video needs: Projector ","Montcalm",PUBLIC
