Subject,Start Date,Start Time,End Date,End Time,All Day Event,Description,Location,Private
"BDSM: Violet Wands",4/25/2015,22:00,4/25/2015,23:50,FALSE,"Zzzzzzzap! Spice up your bedroom life with an electrifying Violet Wand! Learn about these children of Tesla/Oudin and how to introduce them into your bedroom. Safety, techniques, and buying guide will be covered.  Speakers include:Viveka, Rabbit - Track: After Dark  - Duration: 1 hour and 50 minutes - Audio/video needs: none ","Montcalm",PUBLIC
"BDSM: Violet Wands",4/25/2015,22:00,4/25/2015,23:50,FALSE,"Zzzzzzzap! Spice up your bedroom life with an electrifying Violet Wand! Learn about these children of Tesla/Oudin and how to introduce them into your bedroom. Safety, techniques, and buying guide will be covered.  Speakers include:Viveka, Rabbit - Track: After Dark  - Duration: 1 hour and 50 minutes - Audio/video needs: none ","Montcalm",PUBLIC
"BDSM: Violet Wands",4/25/2015,22:00,4/25/2015,23:50,FALSE,"Zzzzzzzap! Spice up your bedroom life with an electrifying Violet Wand! Learn about these children of Tesla/Oudin and how to introduce them into your bedroom. Safety, techniques, and buying guide will be covered.  Speakers include:Viveka, Rabbit - Track: After Dark  - Duration: 1 hour and 50 minutes - Audio/video needs: none ","Montcalm",PUBLIC
"BDSM: Violet Wands",4/25/2015,22:00,4/25/2015,23:50,FALSE,"Zzzzzzzap! Spice up your bedroom life with an electrifying Violet Wand! Learn about these children of Tesla/Oudin and how to introduce them into your bedroom. Safety, techniques, and buying guide will be covered.  Speakers include:Viveka, Rabbit - Track: After Dark  - Duration: 1 hour and 50 minutes - Audio/video needs: none ","Montcalm",PUBLIC
"BDSM: Violet Wands",4/25/2015,22:00,4/25/2015,23:50,FALSE,"Zzzzzzzap! Spice up your bedroom life with an electrifying Violet Wand! Learn about these children of Tesla/Oudin and how to introduce them into your bedroom. Safety, techniques, and buying guide will be covered.  Speakers include:Viveka, Rabbit - Track: After Dark  - Duration: 1 hour and 50 minutes - Audio/video needs: none ","Montcalm",PUBLIC
"BDSM: Violet Wands",4/25/2015,22:00,4/25/2015,23:50,FALSE,"Zzzzzzzap! Spice up your bedroom life with an electrifying Violet Wand! Learn about these children of Tesla/Oudin and how to introduce them into your bedroom. Safety, techniques, and buying guide will be covered.  Speakers include:Viveka, Rabbit - Track: After Dark  - Duration: 1 hour and 50 minutes - Audio/video needs: none ","Montcalm",PUBLIC
