Subject,Start Date,Start Time,End Date,End Time,All Day Event,Description,Location,Private
"Fitness Boot Camp",4/26/2015,8:00,4/26/2015,8:50,FALSE,"Fitness class with both cardiovascular conditioning and strength training using body weight and resistance band exercises. Come get your workout on to some geeky tunes!  Speakers include:William Bowen - Track: Life  - Duration: 50 minutes - Audio/video needs: none ","Algonquin A",PUBLIC
"G33K Biathlon",4/24/2015,20:00,4/24/2015,20:50,FALSE,"Race to compete to finish various geeky and fitness tasks such as doing pushups and answering geek culture quiz questions. The winner is the individual who can complete all tasks the quickest!
   Speakers include:William Bowen - Track: Life  - Duration: 50 minutes - Audio/video needs: none ","Algonquin A",PUBLIC
"How to Stay Fit on the Road",4/25/2015,16:00,4/25/2015,16:50,FALSE,"Panel discussion on workouts that can be done anywhere, including equipment that is compact enough to take anywhere and how to properly use it. We'll talk about different ways to anchor equipment for safety and efficiency, body weight workouts for when there are no anchors, and if time permits, a brief discussion about fitness related mobile apps.  Speakers include:William Bowen, Lana Krolikowski - Track: Life  - Duration: 50 minutes - Audio/video needs: none ","Board of Governors",PUBLIC
"How to Stay Fit on the Road",4/25/2015,16:00,4/25/2015,16:50,FALSE,"Panel discussion on workouts that can be done anywhere, including equipment that is compact enough to take anywhere and how to properly use it. We'll talk about different ways to anchor equipment for safety and efficiency, body weight workouts for when there are no anchors, and if time permits, a brief discussion about fitness related mobile apps.  Speakers include:William Bowen, Lana Krolikowski - Track: Life  - Duration: 50 minutes - Audio/video needs: none ","Board of Governors",PUBLIC
"Fitness Boot Camp",4/26/2015,8:00,4/26/2015,8:50,FALSE,"Fitness class with both cardiovascular conditioning and strength training using body weight and resistance band exercises. Come get your workout on to some geeky tunes!  Speakers include:William Bowen - Track: Life  - Duration: 50 minutes - Audio/video needs: none ","Algonquin A",PUBLIC
