Subject,Start Date,Start Time,End Date,End Time,All Day Event,Description,Location,Private
"Learn to Play to Win at Hanafuda Koi Koi",4/25/2015,9:00,4/25/2015,9:50,FALSE,"Save Oz, save the Earth, and have fun with your friends in the process! Popularized recently by the DIY film Summer Wars (2009), the Hanafuda or 'Flower Cards' consist of a 48 card deck organized into 12 months represented by 12 seasonal botanical species. The rules and strategy are straightforward yet confounding to the newcomer. Join us on a whirlwind tour to learn the game of Koi Koi from scratch, with enough strategy to take down Love Machine.  Speakers include:William A. Rowe Jr. - Track: Gaming  - Duration: 50 minutes - Audio/video needs: Projector ","Nicolet",PUBLIC
"Getting Involved in the Open Source Community",4/25/2015,10:00,4/25/2015,10:50,FALSE,"Whether you are into circuitry, soda, 3d printing, DIY furniture, or software, there is an open source community for you. This panel answers questions like 'How do I find them? What can I do to introduce myself? How can I help?'  Speakers include:Kevin O'Brien, Tom Callaway, Ruth Suehle, Emily Gonyer, William A. Rowe Jr. - Track: Tech  - Duration: 50 minutes - Audio/video needs: none ","Algonquin C",PUBLIC
"Hanafuda Koi Koi",4/25/2015,10:00,4/25/2015,10:50,FALSE,"Save Oz, save the Earth, and have fun with your friends in the process! Popularized recently by the DIY film Summer Wars (2009), the Hanafuda or 'Flower Cards' consist of a 48 card deck organized into 12 months represented by 12 seasonal botanical species. The rules and strategy are straightforward yet confounding to the newcomer. Come play with us!  Speakers include:William A. Rowe Jr. - Track: Gaming  - Duration: 50 minutes - Audio/video needs: none ","Gaming [Lobby]",PUBLIC
"Contributing to OSS - Navigating Community",4/25/2015,14:00,4/25/2015,14:50,FALSE,"Hacking Open Source Software is the entire point of its existence. Change what you don't like, fix what doesn't work for you, and enjoy. But what about getting your patches accepted by the project? wrowe@apache.org and other participants invite you to this discussion on navigating communities, finding acceptance for your contributions, and becoming part of the bigger communities of Open Source Projects.  Speakers include:William A. Rowe Jr., Emily Gonyer - Track: Tech  - Duration: 50 minutes - Audio/video needs: none ","Charlevoix A",PUBLIC
"Learn to Play to Win at Hanafuda Koi Koi",4/25/2015,9:00,4/25/2015,9:50,FALSE,"Save Oz, save the Earth, and have fun with your friends in the process! Popularized recently by the DIY film Summer Wars (2009), the Hanafuda or 'Flower Cards' consist of a 48 card deck organized into 12 months represented by 12 seasonal botanical species. The rules and strategy are straightforward yet confounding to the newcomer. Join us on a whirlwind tour to learn the game of Koi Koi from scratch, with enough strategy to take down Love Machine.  Speakers include:William A. Rowe Jr. - Track: Gaming  - Duration: 50 minutes - Audio/video needs: Projector ","Nicolet",PUBLIC
"Getting Involved in the Open Source Community",4/25/2015,10:00,4/25/2015,10:50,FALSE,"Whether you are into circuitry, soda, 3d printing, DIY furniture, or software, there is an open source community for you. This panel answers questions like 'How do I find them? What can I do to introduce myself? How can I help?'  Speakers include:Kevin O'Brien, Tom Callaway, Ruth Suehle, Emily Gonyer, William A. Rowe Jr. - Track: Tech  - Duration: 50 minutes - Audio/video needs: none ","Algonquin C",PUBLIC
"Hanafuda Koi Koi",4/25/2015,10:00,4/25/2015,10:50,FALSE,"Save Oz, save the Earth, and have fun with your friends in the process! Popularized recently by the DIY film Summer Wars (2009), the Hanafuda or 'Flower Cards' consist of a 48 card deck organized into 12 months represented by 12 seasonal botanical species. The rules and strategy are straightforward yet confounding to the newcomer. Come play with us!  Speakers include:William A. Rowe Jr. - Track: Gaming  - Duration: 50 minutes - Audio/video needs: none ","Gaming [Lobby]",PUBLIC
"Contributing to OSS - Navigating Community",4/25/2015,14:00,4/25/2015,14:50,FALSE,"Hacking Open Source Software is the entire point of its existence. Change what you don't like, fix what doesn't work for you, and enjoy. But what about getting your patches accepted by the project? wrowe@apache.org and other participants invite you to this discussion on navigating communities, finding acceptance for your contributions, and becoming part of the bigger communities of Open Source Projects.  Speakers include:William A. Rowe Jr., Emily Gonyer - Track: Tech  - Duration: 50 minutes - Audio/video needs: none ","Charlevoix A",PUBLIC
"Learn to Play to Win at Hanafuda Koi Koi",4/25/2015,9:00,4/25/2015,9:50,FALSE,"Save Oz, save the Earth, and have fun with your friends in the process! Popularized recently by the DIY film Summer Wars (2009), the Hanafuda or 'Flower Cards' consist of a 48 card deck organized into 12 months represented by 12 seasonal botanical species. The rules and strategy are straightforward yet confounding to the newcomer. Join us on a whirlwind tour to learn the game of Koi Koi from scratch, with enough strategy to take down Love Machine.  Speakers include:William A. Rowe Jr. - Track: Gaming  - Duration: 50 minutes - Audio/video needs: Projector ","Nicolet",PUBLIC
"Getting Involved in the Open Source Community",4/25/2015,10:00,4/25/2015,10:50,FALSE,"Whether you are into circuitry, soda, 3d printing, DIY furniture, or software, there is an open source community for you. This panel answers questions like 'How do I find them? What can I do to introduce myself? How can I help?'  Speakers include:Kevin O'Brien, Tom Callaway, Ruth Suehle, Emily Gonyer, William A. Rowe Jr. - Track: Tech  - Duration: 50 minutes - Audio/video needs: none ","Algonquin C",PUBLIC
"Learn to Play to Win at Hanafuda Koi Koi",4/25/2015,9:00,4/25/2015,9:50,FALSE,"Save Oz, save the Earth, and have fun with your friends in the process! Popularized recently by the DIY film Summer Wars (2009), the Hanafuda or 'Flower Cards' consist of a 48 card deck organized into 12 months represented by 12 seasonal botanical species. The rules and strategy are straightforward yet confounding to the newcomer. Join us on a whirlwind tour to learn the game of Koi Koi from scratch, with enough strategy to take down Love Machine.  Speakers include:William A. Rowe Jr. - Track: Gaming  - Duration: 50 minutes - Audio/video needs: Projector ","Nicolet",PUBLIC
"Hanafuda Koi Koi",4/25/2015,10:00,4/25/2015,10:50,FALSE,"Save Oz, save the Earth, and have fun with your friends in the process! Popularized recently by the DIY film Summer Wars (2009), the Hanafuda or 'Flower Cards' consist of a 48 card deck organized into 12 months represented by 12 seasonal botanical species. The rules and strategy are straightforward yet confounding to the newcomer. Come play with us!  Speakers include:William A. Rowe Jr. - Track: Gaming  - Duration: 50 minutes - Audio/video needs: none ","Gaming [Lobby]",PUBLIC
"Getting Involved in the Open Source Community",4/25/2015,10:00,4/25/2015,10:50,FALSE,"Whether you are into circuitry, soda, 3d printing, DIY furniture, or software, there is an open source community for you. This panel answers questions like 'How do I find them? What can I do to introduce myself? How can I help?'  Speakers include:Kevin O'Brien, Tom Callaway, Ruth Suehle, Emily Gonyer, William A. Rowe Jr. - Track: Tech  - Duration: 50 minutes - Audio/video needs: none ","Algonquin C",PUBLIC
"Hanafuda Koi Koi",4/25/2015,10:00,4/25/2015,10:50,FALSE,"Save Oz, save the Earth, and have fun with your friends in the process! Popularized recently by the DIY film Summer Wars (2009), the Hanafuda or 'Flower Cards' consist of a 48 card deck organized into 12 months represented by 12 seasonal botanical species. The rules and strategy are straightforward yet confounding to the newcomer. Come play with us!  Speakers include:William A. Rowe Jr. - Track: Gaming  - Duration: 50 minutes - Audio/video needs: none ","Gaming [Lobby]",PUBLIC
"Contributing to OSS - Navigating Community",4/25/2015,14:00,4/25/2015,14:50,FALSE,"Hacking Open Source Software is the entire point of its existence. Change what you don't like, fix what doesn't work for you, and enjoy. But what about getting your patches accepted by the project? wrowe@apache.org and other participants invite you to this discussion on navigating communities, finding acceptance for your contributions, and becoming part of the bigger communities of Open Source Projects.  Speakers include:William A. Rowe Jr., Emily Gonyer - Track: Tech  - Duration: 50 minutes - Audio/video needs: none ","Charlevoix A",PUBLIC
"Learn to Play to Win at Hanafuda Koi Koi",4/25/2015,9:00,4/25/2015,9:50,FALSE,"Save Oz, save the Earth, and have fun with your friends in the process! Popularized recently by the DIY film Summer Wars (2009), the Hanafuda or 'Flower Cards' consist of a 48 card deck organized into 12 months represented by 12 seasonal botanical species. The rules and strategy are straightforward yet confounding to the newcomer. Join us on a whirlwind tour to learn the game of Koi Koi from scratch, with enough strategy to take down Love Machine.  Speakers include:William A. Rowe Jr. - Track: Gaming  - Duration: 50 minutes - Audio/video needs: Projector ","Nicolet",PUBLIC
"Getting Involved in the Open Source Community",4/25/2015,10:00,4/25/2015,10:50,FALSE,"Whether you are into circuitry, soda, 3d printing, DIY furniture, or software, there is an open source community for you. This panel answers questions like 'How do I find them? What can I do to introduce myself? How can I help?'  Speakers include:Kevin O'Brien, Tom Callaway, Ruth Suehle, Emily Gonyer, William A. Rowe Jr. - Track: Tech  - Duration: 50 minutes - Audio/video needs: none ","Algonquin C",PUBLIC
"Hanafuda Koi Koi",4/25/2015,10:00,4/25/2015,10:50,FALSE,"Save Oz, save the Earth, and have fun with your friends in the process! Popularized recently by the DIY film Summer Wars (2009), the Hanafuda or 'Flower Cards' consist of a 48 card deck organized into 12 months represented by 12 seasonal botanical species. The rules and strategy are straightforward yet confounding to the newcomer. Come play with us!  Speakers include:William A. Rowe Jr. - Track: Gaming  - Duration: 50 minutes - Audio/video needs: none ","Gaming [Lobby]",PUBLIC
"Contributing to OSS - Navigating Community",4/25/2015,14:00,4/25/2015,14:50,FALSE,"Hacking Open Source Software is the entire point of its existence. Change what you don't like, fix what doesn't work for you, and enjoy. But what about getting your patches accepted by the project? wrowe@apache.org and other participants invite you to this discussion on navigating communities, finding acceptance for your contributions, and becoming part of the bigger communities of Open Source Projects.  Speakers include:William A. Rowe Jr., Emily Gonyer - Track: Tech  - Duration: 50 minutes - Audio/video needs: none ","Charlevoix A",PUBLIC
"Contributing to OSS - Navigating Community",4/25/2015,14:00,4/25/2015,14:50,FALSE,"Hacking Open Source Software is the entire point of its existence. Change what you don't like, fix what doesn't work for you, and enjoy. But what about getting your patches accepted by the project? wrowe@apache.org and other participants invite you to this discussion on navigating communities, finding acceptance for your contributions, and becoming part of the bigger communities of Open Source Projects.  Speakers include:William A. Rowe Jr., Emily Gonyer - Track: Tech  - Duration: 50 minutes - Audio/video needs: none ","Charlevoix A",PUBLIC
"Learn to Play to Win at Hanafuda Koi Koi",4/25/2015,9:00,4/25/2015,9:50,FALSE,"Save Oz, save the Earth, and have fun with your friends in the process! Popularized recently by the DIY film Summer Wars (2009), the Hanafuda or 'Flower Cards' consist of a 48 card deck organized into 12 months represented by 12 seasonal botanical species. The rules and strategy are straightforward yet confounding to the newcomer. Join us on a whirlwind tour to learn the game of Koi Koi from scratch, with enough strategy to take down Love Machine.  Speakers include:William A. Rowe Jr. - Track: Gaming  - Duration: 50 minutes - Audio/video needs: Projector ","Nicolet",PUBLIC
"Getting Involved in the Open Source Community",4/25/2015,10:00,4/25/2015,10:50,FALSE,"Whether you are into circuitry, soda, 3d printing, DIY furniture, or software, there is an open source community for you. This panel answers questions like 'How do I find them? What can I do to introduce myself? How can I help?'  Speakers include:Kevin O'Brien, Tom Callaway, Ruth Suehle, Emily Gonyer, William A. Rowe Jr. - Track: Tech  - Duration: 50 minutes - Audio/video needs: none ","Algonquin C",PUBLIC
"Hanafuda Koi Koi",4/25/2015,10:00,4/25/2015,10:50,FALSE,"Save Oz, save the Earth, and have fun with your friends in the process! Popularized recently by the DIY film Summer Wars (2009), the Hanafuda or 'Flower Cards' consist of a 48 card deck organized into 12 months represented by 12 seasonal botanical species. The rules and strategy are straightforward yet confounding to the newcomer. Come play with us!  Speakers include:William A. Rowe Jr. - Track: Gaming  - Duration: 50 minutes - Audio/video needs: none ","Gaming [Lobby]",PUBLIC
"Contributing to OSS - Navigating Community",4/25/2015,14:00,4/25/2015,14:50,FALSE,"Hacking Open Source Software is the entire point of its existence. Change what you don't like, fix what doesn't work for you, and enjoy. But what about getting your patches accepted by the project? wrowe@apache.org and other participants invite you to this discussion on navigating communities, finding acceptance for your contributions, and becoming part of the bigger communities of Open Source Projects.  Speakers include:William A. Rowe Jr., Emily Gonyer - Track: Tech  - Duration: 50 minutes - Audio/video needs: none ","Charlevoix A",PUBLIC
