Subject,Start Date,Start Time,End Date,End Time,All Day Event,Description,Location,Private
"MovieMashups",4/24/2015,18:00,4/24/2015,18:50,FALSE,"MovieMashups is a casual movie-trivia card game where teams work together to guess the titles of famous movies. The twist is that each clue is two-or-more movie titles, and plots, characters, actors, and descriptions are mixed up. Example: An orca whale is a mascot for a candy manufacturer. He dreams of finding a golden ticket to return to life in the sea. Answer: Free Willy Wonka.  Speakers include:William Meyer - Track: Gaming  - Duration: 50 minutes - Audio/video needs: none ","Gaming [Lobby]",PUBLIC
"Don't Be That Guy",4/24/2015,20:00,4/24/2015,20:50,FALSE,"Don't Be That Guy is a casual card game of pet-peeves. Players vote to see which person is most likely to be guilty of performing that activity. The loser is crowned 'That Guy.' One example is driving slowly in the left hand lane.  Speakers include:William Meyer - Track: Gaming  - Duration: 50 minutes - Audio/video needs: none ","Gaming [Lobby]",PUBLIC
"Poppycock and Tish-Tosh",4/25/2015,12:00,4/25/2015,12:50,FALSE,"Poppycock and Tish-Tosh is a steam-punk styled card game where players can cooperate with (or backstab) each other to defeat (or ally) a range of enemies. Each game has four rounds, three of which are drafting, the last is where players reveal which side they are on.  Speakers include:William Meyer - Track: Gaming  - Duration: 50 minutes - Audio/video needs: none ","Gaming [Lobby]",PUBLIC
"MovieMashups",4/24/2015,18:00,4/24/2015,18:50,FALSE,"MovieMashups is a casual movie-trivia card game where teams work together to guess the titles of famous movies. The twist is that each clue is two-or-more movie titles, and plots, characters, actors, and descriptions are mixed up. Example: An orca whale is a mascot for a candy manufacturer. He dreams of finding a golden ticket to return to life in the sea. Answer: Free Willy Wonka.  Speakers include:William Meyer - Track: Gaming  - Duration: 50 minutes - Audio/video needs: none ","Gaming [Lobby]",PUBLIC
"Don't Be That Guy",4/24/2015,20:00,4/24/2015,20:50,FALSE,"Don't Be That Guy is a casual card game of pet-peeves. Players vote to see which person is most likely to be guilty of performing that activity. The loser is crowned 'That Guy.' One example is driving slowly in the left hand lane.  Speakers include:William Meyer - Track: Gaming  - Duration: 50 minutes - Audio/video needs: none ","Gaming [Lobby]",PUBLIC
"MovieMashups",4/24/2015,18:00,4/24/2015,18:50,FALSE,"MovieMashups is a casual movie-trivia card game where teams work together to guess the titles of famous movies. The twist is that each clue is two-or-more movie titles, and plots, characters, actors, and descriptions are mixed up. Example: An orca whale is a mascot for a candy manufacturer. He dreams of finding a golden ticket to return to life in the sea. Answer: Free Willy Wonka.  Speakers include:William Meyer - Track: Gaming  - Duration: 50 minutes - Audio/video needs: none ","Gaming [Lobby]",PUBLIC
"Don't Be That Guy",4/24/2015,20:00,4/24/2015,20:50,FALSE,"Don't Be That Guy is a casual card game of pet-peeves. Players vote to see which person is most likely to be guilty of performing that activity. The loser is crowned 'That Guy.' One example is driving slowly in the left hand lane.  Speakers include:William Meyer - Track: Gaming  - Duration: 50 minutes - Audio/video needs: none ","Gaming [Lobby]",PUBLIC
"Poppycock and Tish-Tosh",4/25/2015,12:00,4/25/2015,12:50,FALSE,"Poppycock and Tish-Tosh is a steam-punk styled card game where players can cooperate with (or backstab) each other to defeat (or ally) a range of enemies. Each game has four rounds, three of which are drafting, the last is where players reveal which side they are on.  Speakers include:William Meyer - Track: Gaming  - Duration: 50 minutes - Audio/video needs: none ","Gaming [Lobby]",PUBLIC
"MovieMashups",4/24/2015,18:00,4/24/2015,18:50,FALSE,"MovieMashups is a casual movie-trivia card game where teams work together to guess the titles of famous movies. The twist is that each clue is two-or-more movie titles, and plots, characters, actors, and descriptions are mixed up. Example: An orca whale is a mascot for a candy manufacturer. He dreams of finding a golden ticket to return to life in the sea. Answer: Free Willy Wonka.  Speakers include:William Meyer - Track: Gaming  - Duration: 50 minutes - Audio/video needs: none ","Gaming [Lobby]",PUBLIC
"Don't Be That Guy",4/24/2015,20:00,4/24/2015,20:50,FALSE,"Don't Be That Guy is a casual card game of pet-peeves. Players vote to see which person is most likely to be guilty of performing that activity. The loser is crowned 'That Guy.' One example is driving slowly in the left hand lane.  Speakers include:William Meyer - Track: Gaming  - Duration: 50 minutes - Audio/video needs: none ","Gaming [Lobby]",PUBLIC
"Poppycock and Tish-Tosh",4/25/2015,12:00,4/25/2015,12:50,FALSE,"Poppycock and Tish-Tosh is a steam-punk styled card game where players can cooperate with (or backstab) each other to defeat (or ally) a range of enemies. Each game has four rounds, three of which are drafting, the last is where players reveal which side they are on.  Speakers include:William Meyer - Track: Gaming  - Duration: 50 minutes - Audio/video needs: none ","Gaming [Lobby]",PUBLIC
"MovieMashups",4/24/2015,18:00,4/24/2015,18:50,FALSE,"MovieMashups is a casual movie-trivia card game where teams work together to guess the titles of famous movies. The twist is that each clue is two-or-more movie titles, and plots, characters, actors, and descriptions are mixed up. Example: An orca whale is a mascot for a candy manufacturer. He dreams of finding a golden ticket to return to life in the sea. Answer: Free Willy Wonka.  Speakers include:William Meyer - Track: Gaming  - Duration: 50 minutes - Audio/video needs: none ","Gaming [Lobby]",PUBLIC
"Poppycock and Tish-Tosh",4/25/2015,12:00,4/25/2015,12:50,FALSE,"Poppycock and Tish-Tosh is a steam-punk styled card game where players can cooperate with (or backstab) each other to defeat (or ally) a range of enemies. Each game has four rounds, three of which are drafting, the last is where players reveal which side they are on.  Speakers include:William Meyer - Track: Gaming  - Duration: 50 minutes - Audio/video needs: none ","Gaming [Lobby]",PUBLIC
"Don't Be That Guy",4/24/2015,20:00,4/24/2015,20:50,FALSE,"Don't Be That Guy is a casual card game of pet-peeves. Players vote to see which person is most likely to be guilty of performing that activity. The loser is crowned 'That Guy.' One example is driving slowly in the left hand lane.  Speakers include:William Meyer - Track: Gaming  - Duration: 50 minutes - Audio/video needs: none ","Gaming [Lobby]",PUBLIC
"Poppycock and Tish-Tosh",4/25/2015,12:00,4/25/2015,12:50,FALSE,"Poppycock and Tish-Tosh is a steam-punk styled card game where players can cooperate with (or backstab) each other to defeat (or ally) a range of enemies. Each game has four rounds, three of which are drafting, the last is where players reveal which side they are on.  Speakers include:William Meyer - Track: Gaming  - Duration: 50 minutes - Audio/video needs: none ","Gaming [Lobby]",PUBLIC
"MovieMashups",4/24/2015,18:00,4/24/2015,18:50,FALSE,"MovieMashups is a casual movie-trivia card game where teams work together to guess the titles of famous movies. The twist is that each clue is two-or-more movie titles, and plots, characters, actors, and descriptions are mixed up. Example: An orca whale is a mascot for a candy manufacturer. He dreams of finding a golden ticket to return to life in the sea. Answer: Free Willy Wonka.  Speakers include:William Meyer - Track: Gaming  - Duration: 50 minutes - Audio/video needs: none ","Gaming [Lobby]",PUBLIC
"Don't Be That Guy",4/24/2015,20:00,4/24/2015,20:50,FALSE,"Don't Be That Guy is a casual card game of pet-peeves. Players vote to see which person is most likely to be guilty of performing that activity. The loser is crowned 'That Guy.' One example is driving slowly in the left hand lane.  Speakers include:William Meyer - Track: Gaming  - Duration: 50 minutes - Audio/video needs: none ","Gaming [Lobby]",PUBLIC
"Poppycock and Tish-Tosh",4/25/2015,12:00,4/25/2015,12:50,FALSE,"Poppycock and Tish-Tosh is a steam-punk styled card game where players can cooperate with (or backstab) each other to defeat (or ally) a range of enemies. Each game has four rounds, three of which are drafting, the last is where players reveal which side they are on.  Speakers include:William Meyer - Track: Gaming  - Duration: 50 minutes - Audio/video needs: none ","Gaming [Lobby]",PUBLIC
