Subject,Start Date,Start Time,End Date,End Time,All Day Event,Description,Location,Private
"Advancements in 3D Printed Firearm Technology",4/24/2015,22:00,4/24/2015,22:50,FALSE,"The last year has seen significant advancements in the capabilities of 3D printed firearms. Continual development of older designs has led to printed firearms with round counts over 1000 with no signs of failure. New actions have been developed which exploit the strengths of 3D printed material. And for the first time, functional 3D printed magazines have been demonstrated. Come get up to speed on the current state of 3D printed firearms, get some hands-on time with some of the latest iterations, and participate in a discussion on the interplay between technology and basic human rights.  Speakers include:ZhuangZi - Track: Tech, Action Adventure  - Duration: 50 minutes - Audio/video needs: Projector ","Algonquin D",PUBLIC
"Advancements in 3D Printed Firearm Technology",4/24/2015,22:00,4/24/2015,22:50,FALSE,"The last year has seen significant advancements in the capabilities of 3D printed firearms. Continual development of older designs has led to printed firearms with round counts over 1000 with no signs of failure. New actions have been developed which exploit the strengths of 3D printed material. And for the first time, functional 3D printed magazines have been demonstrated. Come get up to speed on the current state of 3D printed firearms, get some hands-on time with some of the latest iterations, and participate in a discussion on the interplay between technology and basic human rights.  Speakers include:ZhuangZi - Track: Tech, Action Adventure  - Duration: 50 minutes - Audio/video needs: Projector ","Algonquin D",PUBLIC
"Advancements in 3D Printed Firearm Technology",4/24/2015,22:00,4/24/2015,22:50,FALSE,"The last year has seen significant advancements in the capabilities of 3D printed firearms. Continual development of older designs has led to printed firearms with round counts over 1000 with no signs of failure. New actions have been developed which exploit the strengths of 3D printed material. And for the first time, functional 3D printed magazines have been demonstrated. Come get up to speed on the current state of 3D printed firearms, get some hands-on time with some of the latest iterations, and participate in a discussion on the interplay between technology and basic human rights.  Speakers include:ZhuangZi - Track: Tech, Action Adventure  - Duration: 50 minutes - Audio/video needs: Projector ","Algonquin D",PUBLIC
"Advancements in 3D Printed Firearm Technology",4/24/2015,22:00,4/24/2015,22:50,FALSE,"The last year has seen significant advancements in the capabilities of 3D printed firearms. Continual development of older designs has led to printed firearms with round counts over 1000 with no signs of failure. New actions have been developed which exploit the strengths of 3D printed material. And for the first time, functional 3D printed magazines have been demonstrated. Come get up to speed on the current state of 3D printed firearms, get some hands-on time with some of the latest iterations, and participate in a discussion on the interplay between technology and basic human rights.  Speakers include:ZhuangZi - Track: Tech, Action Adventure  - Duration: 50 minutes - Audio/video needs: Projector ","Algonquin D",PUBLIC
"Advancements in 3D Printed Firearm Technology",4/24/2015,22:00,4/24/2015,22:50,FALSE,"The last year has seen significant advancements in the capabilities of 3D printed firearms. Continual development of older designs has led to printed firearms with round counts over 1000 with no signs of failure. New actions have been developed which exploit the strengths of 3D printed material. And for the first time, functional 3D printed magazines have been demonstrated. Come get up to speed on the current state of 3D printed firearms, get some hands-on time with some of the latest iterations, and participate in a discussion on the interplay between technology and basic human rights.  Speakers include:ZhuangZi - Track: Tech, Action Adventure  - Duration: 50 minutes - Audio/video needs: Projector ","Algonquin D",PUBLIC
"Advancements in 3D Printed Firearm Technology",4/24/2015,22:00,4/24/2015,22:50,FALSE,"The last year has seen significant advancements in the capabilities of 3D printed firearms. Continual development of older designs has led to printed firearms with round counts over 1000 with no signs of failure. New actions have been developed which exploit the strengths of 3D printed material. And for the first time, functional 3D printed magazines have been demonstrated. Come get up to speed on the current state of 3D printed firearms, get some hands-on time with some of the latest iterations, and participate in a discussion on the interplay between technology and basic human rights.  Speakers include:ZhuangZi - Track: Tech, Action Adventure  - Duration: 50 minutes - Audio/video needs: Projector ","Algonquin D",PUBLIC
