Subject,Start Date,Start Time,End Date,End Time,All Day Event,Description,Location,Private
"Learn to Build Your Own Cosplay Armor",5/2/2014,18:00,5/2/2014,18:50,FALSE,"Iron Man, Halo, Mass Effect, Star Wars -- what do all of these have in common? Some of the most impressive looking costumes you will see out there involve armor.  In this panel we will discuss multiple forms and techniques of armor construction for cosplay.  You might be surprised at how simple it can be to create very impressive looking armor from some easy to find materials.  Speakers include:Alex Drummer, Kevin McLeod, Justin Coluzzi - Track: Costuming  - Duration: 50 minutes - Audio/video needs: Projector ","Nicolet",PUBLIC
"Elements of Costuming for Dr. Who",5/3/2014,20:00,5/3/2014,21:50,FALSE,"Trace the history of the Doctor through costuming elements of each one's style, and learn how to mix and match fashions to create your own Dr. Who look.  Speakers include:Justin Coluzzi, Kevin McLeod, Alex Drummer - Track: Costuming  - Duration: 1 hour and 50 minutes - Audio/video needs: Projector ","Nicolet",PUBLIC
"Modding Nerf for Cosplay",5/4/2014,12:00,5/4/2014,12:50,FALSE,"Nerf guns and blasters are an amazing source for cosplay weaponry.  The bright yellow and blue colors they come in, however, might distract from your costume.  In this panel we will discuss and demonstrate how to disassemble a Nerf gun so you can prep it for painting.  We will even show you how to put it back together so it still works.  Speakers include:Alex Drummer, Kevin McLeod, Justin Coluzzi - Track: Costuming  - Duration: 50 minutes - Audio/video needs: Projector ","Charlevoix C",PUBLIC
"Straight-Razor Shaving: A Semi-Bloody Tutorial",5/3/2014,14:00,5/3/2014,14:50,FALSE,"Want the closest shave you can get without self-Sweeney Todding yourself?  Straight-razor shaves are intimidating - so let us show you how it all works in a live demonstration, removing our stubble for your edification!  Speakers include:Ferrett Steinmetz, Alex Drummer - Track: Life  - Duration: 50 minutes - Audio/video needs: none ","Board of Governors",PUBLIC
