Subject,Start Date,Start Time,End Date,End Time,All Day Event,Description,Location,Private
"Telescope Observing: The Moon",5/2/2014,22:00,5/2/2014,23:50,FALSE,"Join us at outside to observe the moon as a waxing crescent. Observe via telescopes and other instruments made available to view the moon. Meet by the main doors in the lobby.  Speakers include:Bob Trembley, Marie-therese Enga - Track: Science  - Duration: 1 hour and 50 minutes - Audio/video needs: none ","Outside",PUBLIC
"Solar System Ambassador Lecture",5/2/2014,18:00,5/2/2014,18:50,FALSE,"Learn about the current space missions and their impact on science today: Dawn, Juno, and New Horizons.  Speakers include:Bob Trembley - Track: Science  - Duration: 50 minutes - Audio/video needs: Projector ","Algonquin D",PUBLIC
"Small Bodies in the Solar System",5/2/2014,19:00,5/2/2014,19:50,FALSE,"Asteroids, comets, Kuiper Belt objects and minor planets -- learn about the half-million objects we share our solar system with.  Speakers include:Marie-therese Enga, Bob Trembley - Track: Science  - Duration: 50 minutes - Audio/video needs: Projector ","Algonquin D",PUBLIC
"Telescope Observing: The Moon",5/3/2014,22:00,5/3/2014,23:50,FALSE,"Join us at outside to observe the moon as a waxing crescent. Observe via telescopes and other instruments made available to view the moon. Meet by the main doors in the lobby.  Speakers include:Bob Trembley, Marie-therese Enga - Track: Science  - Duration: 1 hour and 50 minutes - Audio/video needs: none ","Outside",PUBLIC
"Telescope Observing: The Sun",5/3/2014,12:00,5/3/2014,13:50,FALSE,"Join us outside to check out the sun in all its glory! Observe via telescopes and other instruments made available to view the sun. Meet by the main doors in the lobby.  Speakers include:Bob Trembley, Marie-therese Enga - Track: Science  - Duration: 1 hour and 50 minutes - Audio/video needs: none ","Outside",PUBLIC
"Urban Astronomy: Your Sky Tonight",5/3/2014,16:00,5/3/2014,16:50,FALSE,"Find out what you can see in our light-polluted skies, and learn a bit about Astronomy and current events in Space/Astronomy news.  Speakers include:Bob Trembley - Track: Science  - Duration: 50 minutes - Audio/video needs: Projector ","Algonquin D",PUBLIC
"Telescope Observing: The Sun",5/4/2014,12:00,5/4/2014,13:50,FALSE,"Join us outside to check out the sun in all its glory! Observe via telescopes and other instruments made available to view the sun. Meet by the main doors in the lobby.  Speakers include:Bob Trembley, Marie-therese Enga - Track: Science  - Duration: 1 hour and 50 minutes - Audio/video needs: none ","Outside",PUBLIC
