Subject,Start Date,Start Time,End Date,End Time,All Day Event,Description,Location,Private
"A Horrible Sing-A-Long",5/4/2014,14:00,5/4/2014,14:50,FALSE,"'The status is not quo.' 45 minutes of watching and singing along to “Dr. Horrible’s Sing-A-Long Blog.' Costumes welcome!  Speakers include:Shannon Marshall, Maggie Maiville, Caitlynn Poirier - Track: Film  - Duration: 50 minutes - Audio/video needs: Projector, Sound System ","Portage Auditorium",PUBLIC
"Fighting in the Movies - Chicks That Kick Ass",5/4/2014,13:00,5/4/2014,13:50,FALSE,"Ever wonder if the action in films could happen in real life? Join us as we review and discuss some of the top female fighting scenes in cinema. We will watch movie clips and then examine the hand-to-hand techniques, “prop” fighting, and swordsmanship in each clip.  Speakers include:Shannon Marshall, Heather Gutterman, Mary Poirier, Caitlynn Poirier, Eva Galperin - Track: Film, Action Adventure  - Duration: 50 minutes - Audio/video needs: Projector, Sound System ","Portage Auditorium",PUBLIC
"Cheese Tastings and Pairings",5/4/2014,10:00,5/4/2014,10:50,FALSE,"Explore the amazing depth of field the cheese world has to offer. Bring eager tastebuds to fully experience the breadth of pairing cheese with other foods.  Speakers include:Heather Gutterman, Caitlynn Poirier, Taylor Watkins, Mary Poirier, Douglas Tobin - Track: Food  - Duration: 50 minutes - Audio/video needs: none ","Food Track (Room 1017)",PUBLIC
"History and Sampling of Port",5/2/2014,21:00,5/2/2014,22:50,FALSE,"Many alcoholic drinks have histories, but Port will be the focus of this panel. We will discuss this history as we sample different varieties and labels of this illustrious drink. Do you have a favorite? Bring a bottle to share and we will be all the merrier for it. 21 and over only. Sign up at Ops!  Speakers include:Heather Gutterman, Caitlynn Poirier, Taylor Watkins - Track: Food, After Dark  - Duration: 1 hour and 50 minutes - Audio/video needs: none ","Food Track (Room 1017)",PUBLIC
"Stupendous Jello Shots",5/3/2014,19:00,5/3/2014,19:50,FALSE,"Explore the dark secrets of making the BEST jello shots of all time. We'll share some with you to prove it!. Already know all there is about jello shots? Let's go with 'pfffft!' and come anyway. 21 and over, please.  Speakers include:Caitlynn Poirier, Heather Gutterman, Taylor Watkins, Mary Poirier, Douglas Tobin - Track: Food, After Dark  - Duration: 50 minutes - Audio/video needs: none ","Food Track (Room 1017)",PUBLIC
"The Pudding Shot Technique",5/3/2014,20:00,5/3/2014,20:50,FALSE,"Fluffy, creamy, boozey, delicious-y... We have some lovely recipes to share. Live demo, including proper eating techniques. 21 and over, please. There will be samples.  Speakers include:Caitlynn Poirier, Heather Gutterman, Taylor Watkins, Mary Poirier, Douglas Tobin - Track: Food, After Dark  - Duration: 50 minutes - Audio/video needs: none ","Food Track (Room 1017)",PUBLIC
"Mead Making Shortcuts",5/4/2014,14:00,5/4/2014,14:50,FALSE,"Mead is delicious. Everybody loves mead, unless you're a communist. So wouldn't you like to know how to make some? We will discuss the basics and shortcuts of mead making. There will also be home-made mead for tasting at the end!  21 and over, please.  Speakers include:Caitlynn Poirier, Heather Gutterman, Taylor Watkins - Track: Food, After Dark  - Duration: 50 minutes - Audio/video needs: none ","Food Track (Room 1017)",PUBLIC
