Subject,Start Date,Start Time,End Date,End Time,All Day Event,Description,Location,Private
"PowerPoint Karaoke",5/3/2014,21:00,5/3/2014,21:50,FALSE,"Players will try out their improv chops one at a time with a random slide deck which they get to present to the audience (with a time limit). Each player hangs a compelling or funny narrative on whatever art, charts, technobabble, or self-improvement jargon comes up on the slides. Volunteer from the audience! Prizes awarded!  Speakers include:Sarah Elkins, Cylithria Dubois - Track: Gaming  - Duration: 50 minutes - Audio/video needs: Projector ","Algonquin D",PUBLIC
"So This is Your First Penguicon?",5/2/2014,17:00,5/2/2014,17:50,FALSE,"Our chair, Nuri, will talk about how he first joined Penguicon, and give you a tour of what's awesome (everything!) here.  If you've never been and you want to get to know the event, this is the panel for you!  Speakers include:Nuri Gocay, Cylithria Dubois - Track: Penguicon Events  - Duration: 50 minutes - Audio/video needs: none ","Board of Governors",PUBLIC
"Opening Ceremonies",5/2/2014,18:00,5/2/2014,18:50,FALSE,"Join our con chair, Nuri Gocay, the Con Committee, and our Guests of Honor as we open this bad boy up for the weekend.  You never know what surprises might be in store!  Speakers include:Janet Gocay, Scott Kennedy, Lucy Kennedy, Nuri Gocay, Cylithria Dubois, Amanda Long-Adams, Amanda Robinson, Christine Bender, Ed Mason, Vinny Rawlley, Erika Carlson, Eva Galperin, Ernie Cline, YTCracker - Track: Penguicon Events  - Duration: 50 minutes - Audio/video needs: Microphone, Sound System ","Algonquin B/C",PUBLIC
"Penguicon 2015 Planning Meeting",5/4/2014,13:00,5/4/2014,13:50,FALSE,"Planning meeting with the 2015 ConChair. If you're interested in helping to organize next year's convention, come offer your soul, your firstborn child... or just your help.   Speakers include:Janet Gocay, Scott Kennedy, Lucy Kennedy, Nuri Gocay, Cylithria Dubois, Amanda Long-Adams, Amanda Robinson, Christine Bender - Track: Penguicon Events  - Duration: 50 minutes - Audio/video needs: none ","Board of Regents",PUBLIC
"Closing Ceremonies",5/4/2014,16:00,5/4/2014,16:50,FALSE,"As we officially shut down another amazing, exciting year for Penguicon, come hear about how it went, and what we've got our eye on for next year.  Speakers include:Janet Gocay, Scott Kennedy, Lucy Kennedy, Nuri Gocay, Cylithria Dubois, Amanda Long-Adams, Amanda Robinson, Christine Bender, Ed Mason, Vinny Rawlley, Erika Carlson, Eva Galperin, Ernie Cline, YTCracker - Track: Penguicon Events  - Duration: 50 minutes - Audio/video needs: Microphone, Sound System ","Algonquin B/C",PUBLIC
