Subject,Start Date,Start Time,End Date,End Time,All Day Event,Description,Location,Private
"Creating Safe Spaces",5/3/2014,11:00,5/3/2014,11:50,FALSE,"How can we create safe spaces for people of all varieties at the convention, and in our lives outside of fandom? Join a discussion with our staff (including the con chair) and those who have ideas on how we can do better on inclusivity and promoting consent.  Speakers include:Nuri Gocay, April Nance, Scott Kennedy, Rennie, Dawn Kuczwara - Track: Penguicon Events  - Duration: 50 minutes - Audio/video needs: none ","Board of Governors",PUBLIC
"Film Roast",5/3/2014,18:00,5/3/2014,19:50,FALSE,"Go to the movies with Dawn and Greg as they add their own special brand of color commentary (a la MST3K ) to make a bad movie into a good laugh. WARNING: May (OK, WILL) include severe laughter, adult language and off-color jokes.  Not appropriate for young children or those who are easily offended,  Ask your doctor if your heart is healthy enough for sex-  if it's not, it probably won't get you through one of our shows, either.  Speakers include:Greg Williams, Dawn Kuczwara - Track: Film  - Duration: 1 hour and 50 minutes - Audio/video needs: Projector, Sound System ","Portage Auditorium",PUBLIC
"Building a Career in IT",5/3/2014,18:00,5/3/2014,18:50,FALSE,"Considering a career in IT or looking to advance your existing career?  Technical professionals at the top of their field tell you how they got there and how to avoid the pitfalls on your way to the top.  Speakers include:Matt Hargraves, Nuri Gocay, Joe Bender, Dawn Kuczwara - Track: Tech, Life  - Duration: 50 minutes - Audio/video needs: none ","Windover",PUBLIC
"Flirting for Geeks",5/3/2014,20:00,5/3/2014,22:50,FALSE,"Come learn how to (and how not to) flirt from some of our local fandom's biggest flirts.  Not only is it laugh-out-loud funny, it's an irreverent and honest reflection of love, sex, and fandom. Find ways to woo, methods for making friends, and how to avoid being that creepy guy that we all talk about between conventions.  Speakers include:Nuri Gocay, Dawn Kuczwara, Greg Williams, Scott Kennedy, Jer Lance, Christopher Pate - Track: Life  - Duration: 2 hours and 50 minutes - Audio/video needs: none ","Windover",PUBLIC
