Subject,Start Date,Start Time,End Date,End Time,All Day Event,Description,Location,Private
"How to Respect your Transgender Peers",5/2/2014,19:00,5/2/2014,19:50,FALSE,"More people are transitioning publicly in geek social circles where they feel less threatened and more accepted, so it's getting more likely that you will know or meet one. Come hear a transgender person talk about the best way to approach, discuss, and respect transgender people. This presentation focuses on the social aspects of dealing with transgender people with a brief discussion of the physical aspects of transition. Most trans people do not have an easy time, but friends and peers can help by not accidentally saying something rude that makes the trans person feel uncomfortable. Bad attitudes and bad language will not be tolerated.
  Speakers include:Deirdre McDaniel, Steffo, Amara Brighe - Track: Life  - Duration: 50 minutes - Audio/video needs: none ","Board of Governors",PUBLIC
"Safewords, Beginning to Expert",5/2/2014,21:00,5/2/2014,21:50,FALSE,"Learn how and why people use safewords during rough sex play and BDSM. They're codewords to stop activity in case of trauma or the need to discuss what's going on, with no repercussions. Did you know that tops/doms use safewords, too? Practice saying safewords aloud during a brief exercise. Hear about examples when safewords failed and how many people are reluctant to use them, despite their best intent.  Speakers include:Deirdre McDaniel - Track: After Dark  - Duration: 50 minutes - Audio/video needs: none ","Board of Governors",PUBLIC
"A Tour of Adult Toys",5/2/2014,23:00,5/2/2014,23:50,FALSE,"See a variety of sex toys from simple and cheap to the cutting edge, and learn the best uses of each along with how to clean and store them. We'll demonstrate different materials, and how to share them with others. Hands-on (but not genitals-on) experimentation after the Q&A.  Speakers include:Deirdre McDaniel - Track: After Dark  - Duration: 50 minutes - Audio/video needs: none ","Board of Governors",PUBLIC
