Subject,Start Date,Start Time,End Date,End Time,All Day Event,Description,Location,Private
"Western Martial Arts Weaponry Demonstration",5/3/2014,14:00,5/3/2014,15:50,FALSE,"Come see demonstrations in the use of swords, spears, shields, and other western martial arts weapons!  Speakers include:Matthew William, Jeanine Ecker, Taylor Watkins, Mary Poirier, Douglas Scholl, Michael Spagnolio, Douglas Tobin, Heather Gutterman - Track: Action Adventure  - Duration: 1 hour and 50 minutes - Audio/video needs: none ","Algonquin A",PUBLIC
"Western Spear Techniques Workshop",5/3/2014,17:00,5/3/2014,17:50,FALSE,"Learn to use a spear! This active workshop focuses on techniques of spear drawn from western historical sources. Come dressed and ready to move. There are a limited number of available spaces for this workshop, so please sign up at Ops!  Speakers include:Taylor Watkins, Mary Poirier, Douglas Scholl, Michael Spagnolio, Douglas Tobin, Heather Gutterman - Track: Action Adventure  - Duration: 50 minutes - Audio/video needs: none ","Algonquin A",PUBLIC
"Throwing and Catching Practice Swords",5/3/2014,18:00,5/3/2014,18:50,FALSE,"Learn to throw and catch swords! There will be a short lesson followed by fun and awesome practice. In consideration of safety, we will be using training weapons. There are a limited number of available spaces for this workshop, so please sign up at Ops!  Speakers include:Matthew William, Jeanine Ecker, Taylor Watkins, Mary Poirier, Douglas Scholl, Douglas Tobin, Heather Gutterman - Track: Action Adventure  - Duration: 50 minutes - Audio/video needs: none ","Algonquin A",PUBLIC
"Open Source Martial Arts",5/4/2014,11:00,5/4/2014,11:50,FALSE,"Martial artists of all backgrounds join in sharing and learning skills with other martial artists! Please bring any training equipment that you would like to use with you. This will be an open format opportunity for developing new understanding with martial artists of other backgrounds.
  Speakers include:Matthew William, Jeanine Ecker, Taylor Watkins, Mary Poirier, Douglas Scholl, Michael Spagnolio, Douglas Tobin, Heather Gutterman - Track: Action Adventure  - Duration: 50 minutes - Audio/video needs: none ","Algonquin A",PUBLIC
"The Living Western Martial Arts",5/4/2014,12:00,5/4/2014,12:50,FALSE,"Increasingly, we are developing the ability to study the martial traditions of many western cultures.  This panel will discuss the philosophy, source materials, tools, and techniques of modern Western martial arts.  Speakers include:Taylor Watkins, Douglas Scholl, Heather Gutterman - Track: Action Adventure  - Duration: 50 minutes - Audio/video needs: none ","Windover",PUBLIC
"Western Swordsmanship Workshop",5/4/2014,15:00,5/4/2014,15:50,FALSE,"Learn to use a sword!  In this active workshop you will learn swordsmanship techniques drawn from western historical sources. Come dressed and ready to move. There are a limited number of available spaces for this workshop, so please sign up at Ops!  Speakers include:Matthew William, Jeanine Ecker, Taylor Watkins, Mary Poirier, Douglas Scholl, Michael Spagnolio, Douglas Tobin, Heather Gutterman - Track: Action Adventure  - Duration: 50 minutes - Audio/video needs: none ","Algonquin A",PUBLIC
"Fighting in Film vs. Martial Arts",5/3/2014,11:00,5/3/2014,12:50,FALSE,"A demonstration of how a fight scene in a movie is blocked out, choreographed, rehearsed, filmed, edited, and finally seen by the audience.  Speakers include:Mary Poirier, Douglas Scholl, Douglas Tobin, Keith Martens - Track: Action Adventure, Film  - Duration: 1 hour and 50 minutes - Audio/video needs: Projector ","Algonquin D",PUBLIC
