Subject,Start Date,Start Time,End Date,End Time,All Day Event,Description,Location,Private
"Opening Ceremonies",5/2/2014,18:00,5/2/2014,18:50,FALSE,"Join our con chair, Nuri Gocay, the Con Committee, and our Guests of Honor as we open this bad boy up for the weekend.  You never know what surprises might be in store!  Speakers include:Janet Gocay, Scott Kennedy, Lucy Kennedy, Nuri Gocay, Cylithria Dubois, Amanda Long-Adams, Amanda Robinson, Christine Bender, Ed Mason, Vinny Rawlley, Erika Carlson, Eva Galperin, Ernie Cline, YTCracker - Track: Penguicon Events  - Duration: 50 minutes - Audio/video needs: Microphone, Sound System ","Algonquin B/C",PUBLIC
"GoH Social Hour",5/2/2014,19:00,5/2/2014,19:50,FALSE,"Get to know our GoHs as we all get together for some cocktails. Meet us in the bar.  Speakers include:Ed Mason, Vinny Rawlley, Erika Carlson, Eva Galperin, Ernie Cline, YTCracker - Track: Penguicon Events  - Duration: 50 minutes - Audio/video needs: none ","Bar",PUBLIC
"War on Cooties: Bringing Nerd Men and Women to the Same Gameboard",5/2/2014,20:00,5/2/2014,20:50,FALSE,"From Samus Aran to Princess Peach, equal gender representation in nerd culture has been slim at best. With the way we are already judging each other for who is the most ‘L337’ nerd, it’s no surprise that women are getting even more judgement from the nerd community at large. Where are all the female heroes? The tournament-winning chicks? And why are you judging me for kicking YOUR butt in Super Smash Bros.? No matter your gender, please join in on this hot topic! This panel aims to discuss the social issues, inequality and perks that come with being a geeky lady!  Speakers include:Victoria Stapels, April Nance, Sunny Smith, Erika Carlson, Eva Galperin - Track: Life  - Duration: 50 minutes - Audio/video needs: Projector ","Algonquin D",PUBLIC
"Programming for Total Noobs",5/3/2014,10:00,5/3/2014,10:50,FALSE,"If you've ever wanted to learn to build a program or write a script, but don't know where to start, come join our GoH Erika Carlson and the staff of Girl Develop It to some basics and find out where you can get more information. Attendees will need a laptop computer with an up-to-date operating system (preferably Windows 7 or later, Mac OSX 10.8 Mountain Lion or later).  Speakers include:Erika Carlson - Track: Tech  - Duration: 50 minutes - Audio/video needs: none ","Charlevoix B",PUBLIC
"Women in Tech Meetup",5/3/2014,19:00,5/3/2014,19:50,FALSE,"Meet other women working or hoping to work in technology, swap stories of what it's like working in a male-dominated field, and share strategies for success.  Speakers include:Julie Hargraves, Erika Carlson - Track: Tech  - Duration: 50 minutes - Audio/video needs: none ","Bar",PUBLIC
"How to Use your Passions to Make Money",5/4/2014,11:00,5/4/2014,11:50,FALSE,"Think about something you really love to do. Chances are you find it energizing, inspiring, challenging, and heart-opening, right? Next question: do you get to spend all day doing that thing? If you said 'no,' why not? Erika Carlson shares suggestions and lessons from experience on finding, doing, and getting paid for what you love, without living on ramen (unless you're into that).   Speakers include:Erika Carlson - Track: Life  - Duration: 50 minutes - Audio/video needs: none ","Windover",PUBLIC
"Diversity in Tech",5/4/2014,14:00,5/4/2014,14:50,FALSE,"Why are tech positions mostly filled by men? What can we do to change this? Join our GoH, Erika Carlson, for this important discussion.   Speakers include:Erika Carlson - Track: Tech  - Duration: 50 minutes - Audio/video needs: none ","Board of Trustees",PUBLIC
"Closing Ceremonies",5/4/2014,16:00,5/4/2014,16:50,FALSE,"As we officially shut down another amazing, exciting year for Penguicon, come hear about how it went, and what we've got our eye on for next year.  Speakers include:Janet Gocay, Scott Kennedy, Lucy Kennedy, Nuri Gocay, Cylithria Dubois, Amanda Long-Adams, Amanda Robinson, Christine Bender, Ed Mason, Vinny Rawlley, Erika Carlson, Eva Galperin, Ernie Cline, YTCracker - Track: Penguicon Events  - Duration: 50 minutes - Audio/video needs: Microphone, Sound System ","Algonquin B/C",PUBLIC
