Subject,Start Date,Start Time,End Date,End Time,All Day Event,Description,Location,Private
"Sequels and Series in Genre Fiction",5/2/2014,16:00,5/2/2014,16:50,FALSE,"We all love that feeling we get when we can fully immerse ourselves in a fictional world.  Conversely, the return to the real world can be quite shocking.  Is this part of the reason for the prevalence of series work in genre fiction?  Is it something from the publishing side?  Is there a place for the stand alone work in SFF?  Speakers include:Mary Lynne Gibbs, Michael Cieslak - Track: Lit  - Duration: 50 minutes - Audio/video needs: none ","Montcalm",PUBLIC
"Webseries and Fan Films: Future of Filmmaking?",5/2/2014,17:00,5/2/2014,17:50,FALSE,"Come join us for a discussion on making webseries and fan films.  Speakers include:Keith Martens, Mary Lynne Gibbs, James Fernandez - Track: Film  - Duration: 50 minutes - Audio/video needs: none ","Charlevoix C",PUBLIC
"Ask the Authors",5/3/2014,17:00,5/3/2014,17:50,FALSE,"A small panel followed by open Q&A/Suggestions.  Speakers include:Ernie Cline, Mary Lynne Gibbs, Cory Doctorow, John Scalzi    - Track: Lit  - Duration: 50 minutes - Audio/video needs: none ","Windover",PUBLIC
"Obligatory Undead Panel: Is Undead Dead",5/3/2014,18:00,5/3/2014,18:50,FALSE,"Shoot ‘em in the head, stake ‘em through the heart, the good old silver bullet...it doesn’t matter, the undead keep coming back.  Have zombies, vampires, and werewolves finally run their course or do these creatures still have legs?  Is there a division between genre fans who have grown tired of these creatures just as they’re taking off in the general public?  Speakers include:Mary Lynne Gibbs, Michael Cieslak, Sean M. Davis, Ken MacGreggor - Track: Lit  - Duration: 50 minutes - Audio/video needs: none ","Board of Governors",PUBLIC
"The Importance of Editing and Non-Writing For Would-Be Writers",5/3/2014,19:00,5/3/2014,19:50,FALSE,"Editing is an important part of creating a book, even if it isn't as sexy as, you know, actually writing.  We'll be discussing editing, query letters, and all of the business crap that comes along with doing this for a living.  Speakers include:
Mary Lynne Gibbs, Michael Cieslak, Rosemary Van Deuren - Track: Lit  - Duration: 50 minutes - Audio/video needs: none ","Hamlin",PUBLIC
"Author Readings",5/4/2014,14:00,5/4/2014,15:50,FALSE,"Readings by Literature Track Guests and Panelists  Speakers include:Ken MacGreggor, Mary Lynne Gibbs, Nicole Castle, John Scalzi, Sean Davis - Track: Lit  - Duration: 1 hour and 50 minutes - Audio/video needs: none ","Windover",PUBLIC
