Subject,Start Date,Start Time,End Date,End Time,All Day Event,Description,Location,Private
"Developing Software for Penguicon",5/2/2014,19:00,5/2/2014,19:50,FALSE,"Penguicon has begun to host hackathons year-round to develop software to help organize this convention: tuxtrax.org. Please join us at the whiteboard! Developers and interested stake holders will meet to discuss the project's purpose, stack, and next steps. Look at the user stories in the readme and the flowchart image in the wiki: https://github.com/MattArnold/penguicontrax  Speakers include:Matt Arnold, Bruce Webber, John D. Bell, Janet Gocay, Chad Crabtree, Jeff Quesnelle, Stan Carrico - Track: Tech  - Duration: 50 minutes - Audio/video needs: none ","Board of Regents",PUBLIC
"Penguicon Board Meeting",5/3/2014,14:00,5/3/2014,14:50,FALSE,"You’ve done the convention, you’ve met the staff, and you’ve even socialized with the ConCom. But what about those *other* Penguicon people? Those shadowy figures that create the multi-year rules, have their fingers on the money, and cause a ConChair to mysteriously appear every year in a puff of penguin-scented smoke? Ever wonder what the Penguicon Board of Directors does in their secret sanctum, and where they are taking Penguicon? Come to the Board of Directors meeting and see!  Speakers include:Steve Gutterman, Randy Bradakis, Matt Arnold, Amanda Long-Adams, Jer Lance, Gini Judd, James Hice - Track: Penguicon Events  - Duration: 50 minutes - Audio/video needs: none ","Board of Regents",PUBLIC
"Board Game Design",5/4/2014,10:00,5/4/2014,10:50,FALSE,"What does it take to design and produce a new game? We will discuss all aspects, from initial concept and mechanics to playtesting and even funding through Kickstarter. This is a Q&A panel so bring your questions!  Speakers include:Matthew Duhan, Matt Arnold - Track: Gaming  - Duration: 50 minutes - Audio/video needs: none ","Charlevoix A",PUBLIC
"Annual Dominion Tournament",5/3/2014,18:00,5/3/2014,20:50,FALSE,"In this million-selling “non-collectible card game,” players start with the same simple deck, and use their hand to buy cards into their collection from the middle of the table. Whoever buys the most expensive victory cards first, wins. Winners take home plastic trays for displaying cards during play. Plan to play through two games with pre-designed sets. Please sign up at Ops, but walk ins are still welcome!  Speakers include:Matt Arnold - Track: Gaming  - Duration: 2 hours and 50 minutes - Audio/video needs: none ","Gaming (Restaurant)",PUBLIC
"Creating Machine Tool Paths In Adobe Illustrator",5/4/2014,11:00,5/4/2014,11:50,FALSE,"If you use a laser cutter, vinyl plotter, or other CNC tools at i3Detroit or another hacker space, you need 2D paths that the tool will follow. This path, or 'vector', is described with various formats such as SVG (scalable vector graphics), AI (Adobe Illustrator), or DXF (digital exchange format). This class will teach you the basics the premiere vector illustration tool, Adobe Illustrator, with an emphasis on how to prepare your file to be used as a tool path. Computers and software are not provided, we can help if you bring a prepared file or Illustrator.  Speakers include:Matt Arnold - Track: Tech, DIY  - Duration: 50 minutes - Audio/video needs: Projector ","Montcalm",PUBLIC
