Subject,Start Date,Start Time,End Date,End Time,All Day Event,Description,Location,Private
"BSD Operating Systems: A Tour",5/2/2014,17:00,5/2/2014,17:50,FALSE,"While Linux gets a lot of press time these days, it's not the oldest open-source Unix-like operating system. The Berkeley Software Distribution (BSD) has been around since the late 1970s. We'll cover the two most popular BSD variants, FreeBSD and OpenBSD, and what makes these operating systems special. If you use the Internet, you use BSD. Come see what you rely on. By the author of 'Absolute FreeBSD' and 'Absolute OpenBSD.'  Speakers include:Michael W. Lucas - Track: Tech  - Duration: 50 minutes - Audio/video needs: none ","Charlevoix B",PUBLIC
"Sudo: You're Doing It Wrong",5/3/2014,11:00,5/3/2014,11:50,FALSE,"Sudo is one of the most widely deployed authorization tools for Unix-like systems. It's also one of the most commonly misconfigured, leaving security holes for intruders.This talk takes you through common sudo uses and breaks them, then suggests secure ways to accomplish what you really want. We'll talk about exotic sudo features, such as LDAP and intrusion detection.  Speakers include:Michael W. Lucas - Track: Tech  - Duration: 50 minutes - Audio/video needs: Projector ","Montcalm",PUBLIC
"Copyright vs Free Information",5/3/2014,13:00,5/3/2014,13:50,FALSE,"What happens when the concept of 'information can't be contained' clashes with content creators who want monetary recompense for their hard work?  Speakers include:Michael W. Lucas, Shetan Noir, Eva Galperin, Cory Doctorow - Track: Lit  - Duration: 50 minutes - Audio/video needs: none ","Windover",PUBLIC
"SSH Key Authentication: You Know You Should Be Doing It",5/3/2014,18:00,5/3/2014,18:50,FALSE,"Secure Shell (SSH) servers are popular targets for password-guessing attacks. The only way to eliminate these attacks is to use key-based authentication. If you're still using password-based authentication because key-based authentication seems hard, come to this talk. Bring your laptop. You'll create your own authentication key, deploy it to your server, and make key-based authentication painless. When you go back to work after Penguicon, you'll wonder how you ever survived using passwords.  Speakers include:Michael W. Lucas - Track: Tech  - Duration: 50 minutes - Audio/video needs: Projector ","Charlevoix C",PUBLIC
"Self-Publishing 101",5/3/2014,20:00,5/3/2014,20:50,FALSE,"Explore the pros and  cons of self-publishing in the digital age.  Is there still a stigma associated with being self-published? The panel will discuss the many different sites that offer self-publishing, e-books, marketing your books, and being in control of your book.  Speakers include:Tracy Herrell, Michael W. Lucas, Rob Kroese - Track: Lit  - Duration: 50 minutes - Audio/video needs: none ","Board of Governors",PUBLIC
"DNSSEC in 50 Minutes",5/4/2014,14:00,5/4/2014,14:50,FALSE,"The Domain Name System (DNS) is the backbone of the Internet and the most successful distributed database in history. It's also thirty years old, and perhaps the most insecure protocol in use today. DNS Security Extensions (DNSSEC) guarantees the integrity of DNS data. Deploying DNSSEC isn't that hard -- once you have a basic understanding of how it works. This talk takes you through the basics of DNSSEC and the deployment considerations. By the author of 'DNSSEC Mastery.'  Speakers include:Michael W. Lucas - Track: Tech  - Duration: 50 minutes - Audio/video needs: none ","Charlevoix A",PUBLIC
