Subject,Start Date,Start Time,End Date,End Time,All Day Event,Description,Location,Private
" Open Source Spinning",5/3/2014,10:00,5/3/2014,11:50,FALSE,"Come check out something completely different here at Penguicon! Come meet some of your fellow con goers for a morning of fun and movement. All skill levels are welcome.

First Hour: FlowCentrics
Meant for those with little to no experience, this session will introduce you to the basics of flow and get you comfortable with your new favorite toy of choice (a variety of poi, staffs and other fun options will be available). Not a beginner but still want to participate? No problem! Although this is meant for those new to flow, all skill levels are welcome. (Wanna help? Show up half an hour prior for details)

Second Hour: Spin Jam!
Come show your stuff and perhaps pick up a new trick from your fellow con goers! There will be open space for flow-ers of all skill levels to play freely!  Speakers include:Thaddeus Micelli, Shoofle Munroe, Steve 'Spark' Grandpre - Track: Life  - Duration: 1 hour and 50 minutes - Audio/video needs: Sound system ","Algonquin B/C",PUBLIC
"Open Source Spinning",5/4/2014,10:00,5/4/2014,11:50,FALSE,"Come check out something completely different here at Penguicon! Come meet some of your fellow con goers for a morning of fun and movement. All skill levels are welcome.

First Hour: FlowCentrics
Meant for those with little to no experience, this session will introduce you to the basics of flow and get you comfortable with your new favorite toy of choice (a variety of poi, staffs and other fun options will be available). Not a beginner but still want to participate? No problem! Although this is meant for those new to flow, all skill levels are welcome. (Wanna help? Show up half an hour prior for details)

Second Hour: Spin Jam!
Come show your stuff and perhaps pick up a new trick from your fellow con goers! There will be open space for flow-ers of all skill levels to play freely!  Speakers include:Thaddeus Micelli, Shoofle Munroe, Steve 'Spark' Grandpre - Track: Life  - Duration: 1 hour and 50 minutes - Audio/video needs: none ","Algonquin B/C",PUBLIC
