Subject,Start Date,Start Time,End Date,End Time,All Day Event,Description,Location,Private
"We Have Cookies!",5/2/2014,22:00,5/2/2014,23:50,FALSE,"Come to the dark side -- we have cookies!  It's like an ice cream social for the alt-sex community without the melting.  Bring your favorite cookies, brownies, or other finger-foodable dessert to share and chat with some of Penguicon's finest kinksters, polyamorists, and relationship geeks.  Extra cool points are awarded for homemade treats.  People of any background, sexual interest, or dessert preference are welcome.  Speakers include:Susan - Track: After Dark  - Duration: 1 hour and 50 minutes - Audio/video needs: none ","Nicolet",PUBLIC
"Polyamory 201",5/3/2014,21:00,5/3/2014,21:50,FALSE,"Advanced polyamory topics for practicing polyamorists.  We're skipping basics like 'what is polyamory' to talk about different poly relationship formats and how they tend to fare in different circumstances, how to introduce newbie polyamorists to a stable poly network with a minimum of drama, and more.  Speakers include:Susan - Track: Life  - Duration: 50 minutes - Audio/video needs: Projector ","Montcalm",PUBLIC
"Poly Family Life",5/3/2014,23:00,5/3/2014,23:50,FALSE,"Not just for parents! This session will cover the whole of polyamorous family life: how to keep long-term relationships alive and healthy, household management, dealing with extended families, and yes, kids.  If you are a practicing polyamorist or seeking one or more long-term relationships, this session is for you. If you are poly-curious and want to see the different ways that poly families take shape, please feel free to join us.  Speakers include:Susan - Track: Life  - Duration: 50 minutes - Audio/video needs: Projector ","Montcalm",PUBLIC
"Linux - the Scary, Scary Command Line",5/4/2014,8:00,5/4/2014,9:50,FALSE,"Linux hasn't always had a GUI, and you don't *need* a mouse to use or administer a Linux box.  Come get a brief but thorough introduction to interacting with that scary, scary, 'shell' and its tools.  You will need a WiFi-equipped, ssh-running gizmo (laptop, tablet, smartphone) with a *good* keyboard, your mad typing skillz, and your thinking cap.  Attendance limited. Sign up at Ops no less than one hour before.  Speakers include:John D. Bell, Susan - Track: Tech  - Duration: 1 hour and 50 minutes - Audio/video needs: Projector ","Board of Trustees",PUBLIC
