Subject,Start Date,Start Time,End Date,End Time,All Day Event,Description,Location,Private
"Virtual Reality Headset Demo with Game Face Labs ",5/3/2014,14:00,5/3/2014,14:50,FALSE,"Come try Game Face Labs' 3D printed, Android based, wireless virtual reality headset. You know you want to!  Speakers include:Ed Mason, 
Vinny Rawlley - Track: Tech  - Duration: 50 minutes - Audio/video needs: none ","Lobby",PUBLIC
"Virtual Reality Headset Demo with Game Face Labs ",5/3/2014,18:00,5/3/2014,18:50,FALSE,"Come try Game Face Labs' 3D printed, Android based, wireless virtual reality headset. You know you want to!  Speakers include:Ed Mason, 
Vinny Rawlley - Track: Tech  - Duration: 50 minutes - Audio/video needs: none ","Lobby",PUBLIC
"Inside Game Face Labs",5/3/2014,20:00,5/3/2014,20:50,FALSE,"Join Ed Mason, CEO of Game Face Labs, as he gives you a behind the scenes look at making virtual reality come to life.   Speakers include:Ed Mason, 
Vinny Rawlley - Track: Tech  - Duration: 50 minutes - Audio/video needs: Projector ","Montcalm",PUBLIC
"Virtual Reality Headset Demo with Game Face Labs ",5/4/2014,11:00,5/4/2014,11:50,FALSE,"Come try Game Face Labs' 3D printed, Android based, wireless virtual reality headset. You know you want to!  Speakers include:Ed Mason, 
Vinny Rawlley - Track: Tech  - Duration: 50 minutes - Audio/video needs: none ","Lobby",PUBLIC
"Virtual Reality Headset Demo with Game Face Labs ",5/4/2014,14:00,5/4/2014,14:50,FALSE,"Come try Game Face Labs' 3D printed, Android based, wireless virtual reality headset. You know you want to!  Speakers include:Ed Mason, 
Vinny Rawlley - Track: Tech  - Duration: 50 minutes - Audio/video needs: none ","Lobby",PUBLIC
